[     530ms] [ERROR] Error with Permissions-Policy header: Parse of permissions policy failed because of errors reported by structured header parser. @ :0
[     992ms] [INFO] %cDownload the React DevTools for a better development experience: https://react.dev/link/react-devtools font-weight:bold @ http://localhost:3001/_next/static/chunks/node_modules_next_dist_1e8vcs8._.js:776
[    1196ms] [LOG] [HMR] connected @ http://localhost:3001/_next/static/chunks/node_modules_next_dist_1e8vcs8._.js:776
[    2002ms] [LOG] [Fast Refresh] rebuilding @ http://localhost:3001/_next/static/chunks/node_modules_next_dist_1e8vcs8._.js:776
[    2389ms] [ERROR] React does not recognize the `%s` prop on a DOM element. If you intentionally want it to appear in the DOM as a custom attribute, spell it as lowercase `%s` instead. If you accidentally passed it from a parent component, remove it from the DOM element. financingSectionAriaLabel financingsectionarialabel @ http://localhost:3001/_next/static/chunks/node_modules_next_dist_1e8vcs8._.js:1052
[    2411ms] [ERROR] React does not recognize the `%s` prop on a DOM element. If you intentionally want it to appear in the DOM as a custom attribute, spell it as lowercase `%s` instead. If you accidentally passed it from a parent component, remove it from the DOM element. linksSectionSocialAriaLabel linkssectionsocialarialabel @ http://localhost:3001/_next/static/chunks/node_modules_next_dist_1e8vcs8._.js:1052
[    2414ms] [ERROR] React does not recognize the `%s` prop on a DOM element. If you intentionally want it to appear in the DOM as a custom attribute, spell it as lowercase `%s` instead. If you accidentally passed it from a parent component, remove it from the DOM element. linksSectionRelatedAriaLabel linkssectionrelatedarialabel @ http://localhost:3001/_next/static/chunks/node_modules_next_dist_1e8vcs8._.js:1052
[    5485ms] [LOG] [Fast Refresh] done in 3589ms @ http://localhost:3001/_next/static/chunks/node_modules_next_dist_1e8vcs8._.js:776
[    5502ms] [WARNING] The resource http://localhost:3001/_next/static/chunks/%5Broot-of-the-server%5D__0lthcoq._.css was preloaded using link preload but not used within a few seconds from the window's load event. Please make sure it has an appropriate `as` value and it is preloaded intentionally. @ http://localhost:3001/pt/datastories/portugal-2030/projetos-do-portugal-2030?searchBy=name&indicator=financed&sortBy=amountDesc:0
[    6314ms] [WARNING] Image with src "/Logos/Dados.gov_logocores.png" has either width or height modified, but not the other. If you use CSS to change the size of your image, also include the styles 'width: "auto"' or 'height: "auto"' to maintain the aspect ratio. @ http://localhost:3001/_next/static/chunks/node_modules_next_dist_1e8vcs8._.js:776
[    6326ms] [WARNING] Image with src "http://localhost:3001/Ecossistema/arte_black_simple.svg" has either width or height modified, but not the other. If you use CSS to change the size of your image, also include the styles 'width: "auto"' or 'height: "auto"' to maintain the aspect ratio. @ http://localhost:3001/_next/static/chunks/node_modules_next_dist_1e8vcs8._.js:776
[    6758ms] [LOG] [Fast Refresh] rebuilding @ http://localhost:3001/_next/static/chunks/node_modules_next_dist_1e8vcs8._.js:776
[    7535ms] [ERROR] Failed to load resource: the server responded with a status of 401 (Unauthorized) @ http://localhost:3001/auth/me:0
[    7725ms] [LOG] [Fast Refresh] done in 1073ms @ http://localhost:3001/_next/static/chunks/node_modules_next_dist_1e8vcs8._.js:776
[   10601ms] [WARNING] The resource http://localhost:3001/_next/static/chunks/%5Broot-of-the-server%5D__0lthcoq._.css was preloaded using link preload but not used within a few seconds from the window's load event. Please make sure it has an appropriate `as` value and it is preloaded intentionally. @ http://localhost:3001/pt/datastories/portugal-2030/projetos-do-portugal-2030?searchBy=name&indicator=financed&sortBy=amountDesc:0
[   11822ms] [LOG] Download the Apollo DevTools for a better development experience: %s https://chrome.google.com/webstore/detail/apollo-client-developer-t/jdkknkkbebbapilgoeccciglkfbmbnfm @ http://localhost:3001/_next/static/chunks/node_modules_next_dist_1e8vcs8._.js:776
[   21569ms] [LOG] [Fast Refresh] rebuilding @ http://localhost:3001/_next/static/chunks/node_modules_next_dist_1e8vcs8._.js:776
[   22408ms] [LOG] [Fast Refresh] done in 945ms @ http://localhost:3001/_next/static/chunks/node_modules_next_dist_1e8vcs8._.js:776
[   40043ms] [WARNING] Image with src "http://localhost:3001/Logos/Logotipo_ARTE__Horizontal_branco_pt.svg" has either width or height modified, but not the other. If you use CSS to change the size of your image, also include the styles 'width: "auto"' or 'height: "auto"' to maintain the aspect ratio. @ http://localhost:3001/_next/static/chunks/node_modules_next_dist_1e8vcs8._.js:776
[   40043ms] [WARNING] Image with src "http://localhost:3001/Logos/pt-republic-color.svg" has either width or height modified, but not the other. If you use CSS to change the size of your image, also include the styles 'width: "auto"' or 'height: "auto"' to maintain the aspect ratio. @ http://localhost:3001/_next/static/chunks/node_modules_next_dist_1e8vcs8._.js:776
[   40089ms] [WARNING] Image with src "/assets/europa.png" has either width or height modified, but not the other. If you use CSS to change the size of your image, also include the styles 'width: "auto"' or 'height: "auto"' to maintain the aspect ratio. @ http://localhost:3001/_next/static/chunks/node_modules_next_dist_1e8vcs8._.js:776
[   40092ms] [WARNING] Image with src "/assets/vector-1-.png" has either width or height modified, but not the other. If you use CSS to change the size of your image, also include the styles 'width: "auto"' or 'height: "auto"' to maintain the aspect ratio. @ http://localhost:3001/_next/static/chunks/node_modules_next_dist_1e8vcs8._.js:776
[   40094ms] [WARNING] Image with src "/assets/vector-2-.png" has either width or height modified, but not the other. If you use CSS to change the size of your image, also include the styles 'width: "auto"' or 'height: "auto"' to maintain the aspect ratio. @ http://localhost:3001/_next/static/chunks/node_modules_next_dist_1e8vcs8._.js:776
[   40095ms] [WARNING] Image with src "/assets/prr.png" has either width or height modified, but not the other. If you use CSS to change the size of your image, also include the styles 'width: "auto"' or 'height: "auto"' to maintain the aspect ratio. @ http://localhost:3001/_next/static/chunks/node_modules_next_dist_1e8vcs8._.js:776
[   40095ms] [WARNING] Image with src "/assets/logo-rp.png" has either width or height modified, but not the other. If you use CSS to change the size of your image, also include the styles 'width: "auto"' or 'height: "auto"' to maintain the aspect ratio. @ http://localhost:3001/_next/static/chunks/node_modules_next_dist_1e8vcs8._.js:776
[   41261ms] [LOG] [Fast Refresh] rebuilding @ http://localhost:3001/_next/static/chunks/node_modules_next_dist_1e8vcs8._.js:776
[   41762ms] [LOG] [Fast Refresh] done in 608ms @ http://localhost:3001/_next/static/chunks/node_modules_next_dist_1e8vcs8._.js:776
[   43096ms] [WARNING] The resource http://localhost:3001/_next/static/chunks/%5Broot-of-the-server%5D__0lthcoq._.css was preloaded using link preload but not used within a few seconds from the window's load event. Please make sure it has an appropriate `as` value and it is preloaded intentionally. @ http://localhost:3001/pt/datastories/portugal-2030/projetos-do-portugal-2030?searchBy=name&indicator=financed&sortBy=amountDesc:0
[   52512ms] [ERROR] Failed to load resource: the server responded with a status of 405 (Method Not Allowed) @ http://localhost:3001/internal-api/fundos-europeus/pt2030/beneficiarios-e-projetos/pesquisar-projetos?page=1&limit=10&sortBy=amountDesc:0
[   55515ms] [WARNING] The resource http://localhost:3001/_next/static/chunks/%5Broot-of-the-server%5D__0lthcoq._.css was preloaded using link preload but not used within a few seconds from the window's load event. Please make sure it has an appropriate `as` value and it is preloaded intentionally. @ http://localhost:3001/pt/datastories/portugal-2030/projetos-do-portugal-2030?searchBy=name&indicator=financed&sortBy=amountDesc:0
[   71019ms] [LOG] [Fast Refresh] rebuilding @ http://localhost:3001/_next/static/chunks/node_modules_next_dist_1e8vcs8._.js:776
[   71428ms] [LOG] [Fast Refresh] done in 516ms @ http://localhost:3001/_next/static/chunks/node_modules_next_dist_1e8vcs8._.js:776
[  129980ms] [LOG] [Fast Refresh] rebuilding @ http://localhost:3001/_next/static/chunks/node_modules_next_dist_1e8vcs8._.js:776
[  130840ms] [LOG] [Fast Refresh] done in 898ms @ http://localhost:3001/_next/static/chunks/node_modules_next_dist_1e8vcs8._.js:776
[  130954ms] [LOG] [Fast Refresh] done in 898ms @ http://localhost:3001/_next/static/chunks/node_modules_next_dist_1e8vcs8._.js:776
[  131009ms] [LOG] [Fast Refresh] done in 898ms @ http://localhost:3001/_next/static/chunks/node_modules_next_dist_1e8vcs8._.js:776
[  131115ms] [LOG] [Fast Refresh] done in 898ms @ http://localhost:3001/_next/static/chunks/node_modules_next_dist_1e8vcs8._.js:776
[  131191ms] [LOG] [Fast Refresh] done in 898ms @ http://localhost:3001/_next/static/chunks/node_modules_next_dist_1e8vcs8._.js:776
[  131262ms] [LOG] [Fast Refresh] done in 898ms @ http://localhost:3001/_next/static/chunks/node_modules_next_dist_1e8vcs8._.js:776
[  131338ms] [LOG] [Fast Refresh] done in 898ms @ http://localhost:3001/_next/static/chunks/node_modules_next_dist_1e8vcs8._.js:776
[  131400ms] [LOG] [Fast Refresh] done in 898ms @ http://localhost:3001/_next/static/chunks/node_modules_next_dist_1e8vcs8._.js:776
[  131463ms] [LOG] [Fast Refresh] done in 898ms @ http://localhost:3001/_next/static/chunks/node_modules_next_dist_1e8vcs8._.js:776
[  131528ms] [LOG] [Fast Refresh] done in 898ms @ http://localhost:3001/_next/static/chunks/node_modules_next_dist_1e8vcs8._.js:776
[  131617ms] [LOG] [Fast Refresh] done in 898ms @ http://localhost:3001/_next/static/chunks/node_modules_next_dist_1e8vcs8._.js:776
[  131676ms] [LOG] [Fast Refresh] done in 898ms @ http://localhost:3001/_next/static/chunks/node_modules_next_dist_1e8vcs8._.js:776
[  131737ms] [LOG] [Fast Refresh] done in 898ms @ http://localhost:3001/_next/static/chunks/node_modules_next_dist_1e8vcs8._.js:776
[  131798ms] [LOG] [Fast Refresh] done in 898ms @ http://localhost:3001/_next/static/chunks/node_modules_next_dist_1e8vcs8._.js:776
[  131860ms] [LOG] [Fast Refresh] done in 898ms @ http://localhost:3001/_next/static/chunks/node_modules_next_dist_1e8vcs8._.js:776
[  131921ms] [LOG] [Fast Refresh] done in 898ms @ http://localhost:3001/_next/static/chunks/node_modules_next_dist_1e8vcs8._.js:776
[  131983ms] [LOG] [Fast Refresh] done in 898ms @ http://localhost:3001/_next/static/chunks/node_modules_next_dist_1e8vcs8._.js:776
[  132045ms] [LOG] [Fast Refresh] done in 898ms @ http://localhost:3001/_next/static/chunks/node_modules_next_dist_1e8vcs8._.js:776
[  132105ms] [LOG] [Fast Refresh] done in 898ms @ http://localhost:3001/_next/static/chunks/node_modules_next_dist_1e8vcs8._.js:776
[  132167ms] [LOG] [Fast Refresh] done in 898ms @ http://localhost:3001/_next/static/chunks/node_modules_next_dist_1e8vcs8._.js:776
[  132230ms] [LOG] [Fast Refresh] done in 898ms @ http://localhost:3001/_next/static/chunks/node_modules_next_dist_1e8vcs8._.js:776
[  132292ms] [LOG] [Fast Refresh] done in 898ms @ http://localhost:3001/_next/static/chunks/node_modules_next_dist_1e8vcs8._.js:776
[  132353ms] [LOG] [Fast Refresh] done in 898ms @ http://localhost:3001/_next/static/chunks/node_modules_next_dist_1e8vcs8._.js:776
[  132416ms] [LOG] [Fast Refresh] done in 898ms @ http://localhost:3001/_next/static/chunks/node_modules_next_dist_1e8vcs8._.js:776
[  132480ms] [LOG] [Fast Refresh] done in 898ms @ http://localhost:3001/_next/static/chunks/node_modules_next_dist_1e8vcs8._.js:776
[  132541ms] [LOG] [Fast Refresh] done in 898ms @ http://localhost:3001/_next/static/chunks/node_modules_next_dist_1e8vcs8._.js:776
[  132603ms] [LOG] [Fast Refresh] done in 898ms @ http://localhost:3001/_next/static/chunks/node_modules_next_dist_1e8vcs8._.js:776
[  132665ms] [LOG] [Fast Refresh] done in 898ms @ http://localhost:3001/_next/static/chunks/node_modules_next_dist_1e8vcs8._.js:776
[  132728ms] [LOG] [Fast Refresh] done in 898ms @ http://localhost:3001/_next/static/chunks/node_modules_next_dist_1e8vcs8._.js:776
[  132791ms] [LOG] [Fast Refresh] done in 898ms @ http://localhost:3001/_next/static/chunks/node_modules_next_dist_1e8vcs8._.js:776
[  132852ms] [LOG] [Fast Refresh] done in 898ms @ http://localhost:3001/_next/static/chunks/node_modules_next_dist_1e8vcs8._.js:776
[  132914ms] [LOG] [Fast Refresh] done in 898ms @ http://localhost:3001/_next/static/chunks/node_modules_next_dist_1e8vcs8._.js:776
[  132977ms] [LOG] [Fast Refresh] done in 898ms @ http://localhost:3001/_next/static/chunks/node_modules_next_dist_1e8vcs8._.js:776
[  133039ms] [LOG] [Fast Refresh] done in 898ms @ http://localhost:3001/_next/static/chunks/node_modules_next_dist_1e8vcs8._.js:776
[  133101ms] [LOG] [Fast Refresh] done in 898ms @ http://localhost:3001/_next/static/chunks/node_modules_next_dist_1e8vcs8._.js:776
[  133164ms] [LOG] [Fast Refresh] done in 898ms @ http://localhost:3001/_next/static/chunks/node_modules_next_dist_1e8vcs8._.js:776
[  133226ms] [LOG] [Fast Refresh] done in 898ms @ http://localhost:3001/_next/static/chunks/node_modules_next_dist_1e8vcs8._.js:776
[  133288ms] [LOG] [Fast Refresh] done in 898ms @ http://localhost:3001/_next/static/chunks/node_modules_next_dist_1e8vcs8._.js:776
[  133351ms] [LOG] [Fast Refresh] done in 898ms @ http://localhost:3001/_next/static/chunks/node_modules_next_dist_1e8vcs8._.js:776
[  133414ms] [LOG] [Fast Refresh] done in 898ms @ http://localhost:3001/_next/static/chunks/node_modules_next_dist_1e8vcs8._.js:776
[  133477ms] [LOG] [Fast Refresh] done in 898ms @ http://localhost:3001/_next/static/chunks/node_modules_next_dist_1e8vcs8._.js:776
[  133539ms] [LOG] [Fast Refresh] done in 898ms @ http://localhost:3001/_next/static/chunks/node_modules_next_dist_1e8vcs8._.js:776
[  133601ms] [LOG] [Fast Refresh] done in 898ms @ http://localhost:3001/_next/static/chunks/node_modules_next_dist_1e8vcs8._.js:776
[  133664ms] [LOG] [Fast Refresh] done in 898ms @ http://localhost:3001/_next/static/chunks/node_modules_next_dist_1e8vcs8._.js:776
[  133725ms] [LOG] [Fast Refresh] done in 898ms @ http://localhost:3001/_next/static/chunks/node_modules_next_dist_1e8vcs8._.js:776
[  133787ms] [LOG] [Fast Refresh] done in 898ms @ http://localhost:3001/_next/static/chunks/node_modules_next_dist_1e8vcs8._.js:776
[  133849ms] [LOG] [Fast Refresh] done in 898ms @ http://localhost:3001/_next/static/chunks/node_modules_next_dist_1e8vcs8._.js:776
[  133911ms] [LOG] [Fast Refresh] done in 898ms @ http://localhost:3001/_next/static/chunks/node_modules_next_dist_1e8vcs8._.js:776
[  133974ms] [LOG] [Fast Refresh] done in 898ms @ http://localhost:3001/_next/static/chunks/node_modules_next_dist_1e8vcs8._.js:776
[  134036ms] [LOG] [Fast Refresh] done in 898ms @ http://localhost:3001/_next/static/chunks/node_modules_next_dist_1e8vcs8._.js:776
[  134098ms] [LOG] [Fast Refresh] done in 898ms @ http://localhost:3001/_next/static/chunks/node_modules_next_dist_1e8vcs8._.js:776
[  134160ms] [LOG] [Fast Refresh] done in 898ms @ http://localhost:3001/_next/static/chunks/node_modules_next_dist_1e8vcs8._.js:776
[  134205ms] [WARNING] The resource http://localhost:3001/_next/static/chunks/%5Broot-of-the-server%5D__0lthcoq._.css was preloaded using link preload but not used within a few seconds from the window's load event. Please make sure it has an appropriate `as` value and it is preloaded intentionally. @ http://localhost:3001/pt/datastories/portugal-2030/projetos-do-portugal-2030:0
[  134223ms] [LOG] [Fast Refresh] done in 898ms @ http://localhost:3001/_next/static/chunks/node_modules_next_dist_1e8vcs8._.js:776
[  134285ms] [LOG] [Fast Refresh] done in 898ms @ http://localhost:3001/_next/static/chunks/node_modules_next_dist_1e8vcs8._.js:776
[  134348ms] [LOG] [Fast Refresh] done in 898ms @ http://localhost:3001/_next/static/chunks/node_modules_next_dist_1e8vcs8._.js:776
[  134411ms] [LOG] [Fast Refresh] done in 898ms @ http://localhost:3001/_next/static/chunks/node_modules_next_dist_1e8vcs8._.js:776
[  134475ms] [LOG] [Fast Refresh] done in 898ms @ http://localhost:3001/_next/static/chunks/node_modules_next_dist_1e8vcs8._.js:776
[  134536ms] [LOG] [Fast Refresh] done in 898ms @ http://localhost:3001/_next/static/chunks/node_modules_next_dist_1e8vcs8._.js:776
[  134597ms] [LOG] [Fast Refresh] done in 898ms @ http://localhost:3001/_next/static/chunks/node_modules_next_dist_1e8vcs8._.js:776
[  134658ms] [LOG] [Fast Refresh] done in 898ms @ http://localhost:3001/_next/static/chunks/node_modules_next_dist_1e8vcs8._.js:776
[  134721ms] [LOG] [Fast Refresh] done in 898ms @ http://localhost:3001/_next/static/chunks/node_modules_next_dist_1e8vcs8._.js:776
[  134783ms] [LOG] [Fast Refresh] done in 898ms @ http://localhost:3001/_next/static/chunks/node_modules_next_dist_1e8vcs8._.js:776
[  134845ms] [LOG] [Fast Refresh] done in 898ms @ http://localhost:3001/_next/static/chunks/node_modules_next_dist_1e8vcs8._.js:776
[  134908ms] [LOG] [Fast Refresh] done in 898ms @ http://localhost:3001/_next/static/chunks/node_modules_next_dist_1e8vcs8._.js:776
[  134972ms] [LOG] [Fast Refresh] done in 898ms @ http://localhost:3001/_next/static/chunks/node_modules_next_dist_1e8vcs8._.js:776
[  135033ms] [LOG] [Fast Refresh] done in 898ms @ http://localhost:3001/_next/static/chunks/node_modules_next_dist_1e8vcs8._.js:776
[  135096ms] [LOG] [Fast Refresh] done in 898ms @ http://localhost:3001/_next/static/chunks/node_modules_next_dist_1e8vcs8._.js:776
[  135159ms] [LOG] [Fast Refresh] done in 898ms @ http://localhost:3001/_next/static/chunks/node_modules_next_dist_1e8vcs8._.js:776
[  135223ms] [LOG] [Fast Refresh] done in 898ms @ http://localhost:3001/_next/static/chunks/node_modules_next_dist_1e8vcs8._.js:776
[  135284ms] [LOG] [Fast Refresh] done in 898ms @ http://localhost:3001/_next/static/chunks/node_modules_next_dist_1e8vcs8._.js:776
[  135346ms] [LOG] [Fast Refresh] done in 898ms @ http://localhost:3001/_next/static/chunks/node_modules_next_dist_1e8vcs8._.js:776
[  135577ms] [LOG] [Fast Refresh] rebuilding @ http://localhost:3001/_next/static/chunks/node_modules_next_dist_1e8vcs8._.js:776
[  136460ms] [LOG] [Fast Refresh] done in 674ms @ http://localhost:3001/_next/static/chunks/node_modules_next_dist_1e8vcs8._.js:776
[  136553ms] [LOG] [Fast Refresh] done in 674ms @ http://localhost:3001/_next/static/chunks/node_modules_next_dist_1e8vcs8._.js:776
[  136621ms] [LOG] [Fast Refresh] done in 674ms @ http://localhost:3001/_next/static/chunks/node_modules_next_dist_1e8vcs8._.js:776
[  136687ms] [LOG] [Fast Refresh] done in 674ms @ http://localhost:3001/_next/static/chunks/node_modules_next_dist_1e8vcs8._.js:776
[  136769ms] [LOG] [Fast Refresh] done in 674ms @ http://localhost:3001/_next/static/chunks/node_modules_next_dist_1e8vcs8._.js:776
[  136830ms] [LOG] [Fast Refresh] done in 674ms @ http://localhost:3001/_next/static/chunks/node_modules_next_dist_1e8vcs8._.js:776
[  136894ms] [LOG] [Fast Refresh] done in 674ms @ http://localhost:3001/_next/static/chunks/node_modules_next_dist_1e8vcs8._.js:776
[  136956ms] [LOG] [Fast Refresh] done in 674ms @ http://localhost:3001/_next/static/chunks/node_modules_next_dist_1e8vcs8._.js:776
[  137031ms] [LOG] [Fast Refresh] done in 674ms @ http://localhost:3001/_next/static/chunks/node_modules_next_dist_1e8vcs8._.js:776
[  137090ms] [LOG] [Fast Refresh] done in 674ms @ http://localhost:3001/_next/static/chunks/node_modules_next_dist_1e8vcs8._.js:776
[  137150ms] [LOG] [Fast Refresh] done in 674ms @ http://localhost:3001/_next/static/chunks/node_modules_next_dist_1e8vcs8._.js:776
[  137211ms] [LOG] [Fast Refresh] done in 674ms @ http://localhost:3001/_next/static/chunks/node_modules_next_dist_1e8vcs8._.js:776
[  137277ms] [LOG] [Fast Refresh] done in 674ms @ http://localhost:3001/_next/static/chunks/node_modules_next_dist_1e8vcs8._.js:776
[  137333ms] [LOG] [Fast Refresh] done in 674ms @ http://localhost:3001/_next/static/chunks/node_modules_next_dist_1e8vcs8._.js:776
[  137396ms] [LOG] [Fast Refresh] done in 674ms @ http://localhost:3001/_next/static/chunks/node_modules_next_dist_1e8vcs8._.js:776
[  137457ms] [LOG] [Fast Refresh] done in 674ms @ http://localhost:3001/_next/static/chunks/node_modules_next_dist_1e8vcs8._.js:776
[  137520ms] [LOG] [Fast Refresh] done in 674ms @ http://localhost:3001/_next/static/chunks/node_modules_next_dist_1e8vcs8._.js:776
[  137583ms] [LOG] [Fast Refresh] done in 674ms @ http://localhost:3001/_next/static/chunks/node_modules_next_dist_1e8vcs8._.js:776
[  137645ms] [LOG] [Fast Refresh] done in 674ms @ http://localhost:3001/_next/static/chunks/node_modules_next_dist_1e8vcs8._.js:776
[  137708ms] [LOG] [Fast Refresh] done in 674ms @ http://localhost:3001/_next/static/chunks/node_modules_next_dist_1e8vcs8._.js:776
[  137770ms] [LOG] [Fast Refresh] done in 674ms @ http://localhost:3001/_next/static/chunks/node_modules_next_dist_1e8vcs8._.js:776
[  137833ms] [LOG] [Fast Refresh] done in 674ms @ http://localhost:3001/_next/static/chunks/node_modules_next_dist_1e8vcs8._.js:776
[  137895ms] [LOG] [Fast Refresh] done in 674ms @ http://localhost:3001/_next/static/chunks/node_modules_next_dist_1e8vcs8._.js:776
[  137956ms] [LOG] [Fast Refresh] done in 674ms @ http://localhost:3001/_next/static/chunks/node_modules_next_dist_1e8vcs8._.js:776
[  138067ms] [LOG] [Fast Refresh] done in 674ms @ http://localhost:3001/_next/static/chunks/node_modules_next_dist_1e8vcs8._.js:776
[  138127ms] [LOG] [Fast Refresh] done in 674ms @ http://localhost:3001/_next/static/chunks/node_modules_next_dist_1e8vcs8._.js:776
[  138190ms] [LOG] [Fast Refresh] done in 674ms @ http://localhost:3001/_next/static/chunks/node_modules_next_dist_1e8vcs8._.js:776
[  138253ms] [LOG] [Fast Refresh] done in 674ms @ http://localhost:3001/_next/static/chunks/node_modules_next_dist_1e8vcs8._.js:776
[  138315ms] [LOG] [Fast Refresh] done in 674ms @ http://localhost:3001/_next/static/chunks/node_modules_next_dist_1e8vcs8._.js:776
[  138377ms] [LOG] [Fast Refresh] done in 674ms @ http://localhost:3001/_next/static/chunks/node_modules_next_dist_1e8vcs8._.js:776
[  138438ms] [LOG] [Fast Refresh] done in 674ms @ http://localhost:3001/_next/static/chunks/node_modules_next_dist_1e8vcs8._.js:776
[  138500ms] [LOG] [Fast Refresh] done in 674ms @ http://localhost:3001/_next/static/chunks/node_modules_next_dist_1e8vcs8._.js:776
[  138563ms] [LOG] [Fast Refresh] done in 674ms @ http://localhost:3001/_next/static/chunks/node_modules_next_dist_1e8vcs8._.js:776
[  138625ms] [LOG] [Fast Refresh] done in 674ms @ http://localhost:3001/_next/static/chunks/node_modules_next_dist_1e8vcs8._.js:776
[  138688ms] [LOG] [Fast Refresh] done in 674ms @ http://localhost:3001/_next/static/chunks/node_modules_next_dist_1e8vcs8._.js:776
[  138751ms] [LOG] [Fast Refresh] done in 674ms @ http://localhost:3001/_next/static/chunks/node_modules_next_dist_1e8vcs8._.js:776
[  138813ms] [LOG] [Fast Refresh] done in 674ms @ http://localhost:3001/_next/static/chunks/node_modules_next_dist_1e8vcs8._.js:776
[  138876ms] [LOG] [Fast Refresh] done in 674ms @ http://localhost:3001/_next/static/chunks/node_modules_next_dist_1e8vcs8._.js:776
[  138937ms] [LOG] [Fast Refresh] done in 674ms @ http://localhost:3001/_next/static/chunks/node_modules_next_dist_1e8vcs8._.js:776
[  138997ms] [LOG] [Fast Refresh] done in 674ms @ http://localhost:3001/_next/static/chunks/node_modules_next_dist_1e8vcs8._.js:776
[  139060ms] [LOG] [Fast Refresh] done in 674ms @ http://localhost:3001/_next/static/chunks/node_modules_next_dist_1e8vcs8._.js:776
[  139122ms] [LOG] [Fast Refresh] done in 674ms @ http://localhost:3001/_next/static/chunks/node_modules_next_dist_1e8vcs8._.js:776
[  139185ms] [LOG] [Fast Refresh] done in 674ms @ http://localhost:3001/_next/static/chunks/node_modules_next_dist_1e8vcs8._.js:776
[  139245ms] [LOG] [Fast Refresh] done in 674ms @ http://localhost:3001/_next/static/chunks/node_modules_next_dist_1e8vcs8._.js:776
[  139307ms] [LOG] [Fast Refresh] done in 674ms @ http://localhost:3001/_next/static/chunks/node_modules_next_dist_1e8vcs8._.js:776
[  139369ms] [LOG] [Fast Refresh] done in 674ms @ http://localhost:3001/_next/static/chunks/node_modules_next_dist_1e8vcs8._.js:776
[  139432ms] [LOG] [Fast Refresh] done in 674ms @ http://localhost:3001/_next/static/chunks/node_modules_next_dist_1e8vcs8._.js:776
[  139493ms] [LOG] [Fast Refresh] done in 674ms @ http://localhost:3001/_next/static/chunks/node_modules_next_dist_1e8vcs8._.js:776
[  139556ms] [LOG] [Fast Refresh] done in 674ms @ http://localhost:3001/_next/static/chunks/node_modules_next_dist_1e8vcs8._.js:776
[  139617ms] [WARNING] The resource http://localhost:3001/_next/static/chunks/%5Broot-of-the-server%5D__0lthcoq._.css was preloaded using link preload but not used within a few seconds from the window's load event. Please make sure it has an appropriate `as` value and it is preloaded intentionally. @ http://localhost:3001/pt/datastories/portugal-2030/projetos-do-portugal-2030:0
[  139619ms] [LOG] [Fast Refresh] done in 674ms @ http://localhost:3001/_next/static/chunks/node_modules_next_dist_1e8vcs8._.js:776
[  139681ms] [LOG] [Fast Refresh] done in 674ms @ http://localhost:3001/_next/static/chunks/node_modules_next_dist_1e8vcs8._.js:776
[  139743ms] [LOG] [Fast Refresh] done in 674ms @ http://localhost:3001/_next/static/chunks/node_modules_next_dist_1e8vcs8._.js:776
[  139807ms] [LOG] [Fast Refresh] done in 674ms @ http://localhost:3001/_next/static/chunks/node_modules_next_dist_1e8vcs8._.js:776
[  139869ms] [LOG] [Fast Refresh] done in 674ms @ http://localhost:3001/_next/static/chunks/node_modules_next_dist_1e8vcs8._.js:776
[  139932ms] [LOG] [Fast Refresh] done in 674ms @ http://localhost:3001/_next/static/chunks/node_modules_next_dist_1e8vcs8._.js:776
[  139994ms] [LOG] [Fast Refresh] done in 674ms @ http://localhost:3001/_next/static/chunks/node_modules_next_dist_1e8vcs8._.js:776
[  140058ms] [LOG] [Fast Refresh] done in 674ms @ http://localhost:3001/_next/static/chunks/node_modules_next_dist_1e8vcs8._.js:776
[  140120ms] [LOG] [Fast Refresh] done in 674ms @ http://localhost:3001/_next/static/chunks/node_modules_next_dist_1e8vcs8._.js:776
[  140189ms] [LOG] [Fast Refresh] done in 674ms @ http://localhost:3001/_next/static/chunks/node_modules_next_dist_1e8vcs8._.js:776
[  140279ms] [LOG] [Fast Refresh] done in 674ms @ http://localhost:3001/_next/static/chunks/node_modules_next_dist_1e8vcs8._.js:776
[  140345ms] [LOG] [Fast Refresh] done in 674ms @ http://localhost:3001/_next/static/chunks/node_modules_next_dist_1e8vcs8._.js:776
[  140398ms] [LOG] [Fast Refresh] done in 674ms @ http://localhost:3001/_next/static/chunks/node_modules_next_dist_1e8vcs8._.js:776
[  140461ms] [LOG] [Fast Refresh] done in 674ms @ http://localhost:3001/_next/static/chunks/node_modules_next_dist_1e8vcs8._.js:776
[  140548ms] [LOG] [Fast Refresh] done in 674ms @ http://localhost:3001/_next/static/chunks/node_modules_next_dist_1e8vcs8._.js:776
[  140649ms] [LOG] [Fast Refresh] done in 674ms @ http://localhost:3001/_next/static/chunks/node_modules_next_dist_1e8vcs8._.js:776
[  140712ms] [LOG] [Fast Refresh] done in 674ms @ http://localhost:3001/_next/static/chunks/node_modules_next_dist_1e8vcs8._.js:776
[  140774ms] [LOG] [Fast Refresh] done in 674ms @ http://localhost:3001/_next/static/chunks/node_modules_next_dist_1e8vcs8._.js:776
[  140837ms] [LOG] [Fast Refresh] done in 674ms @ http://localhost:3001/_next/static/chunks/node_modules_next_dist_1e8vcs8._.js:776
[  140898ms] [LOG] [Fast Refresh] done in 674ms @ http://localhost:3001/_next/static/chunks/node_modules_next_dist_1e8vcs8._.js:776
[  140960ms] [LOG] [Fast Refresh] done in 674ms @ http://localhost:3001/_next/static/chunks/node_modules_next_dist_1e8vcs8._.js:776
[  141023ms] [LOG] [Fast Refresh] done in 674ms @ http://localhost:3001/_next/static/chunks/node_modules_next_dist_1e8vcs8._.js:776
[  141086ms] [LOG] [Fast Refresh] done in 674ms @ http://localhost:3001/_next/static/chunks/node_modules_next_dist_1e8vcs8._.js:776
[  141147ms] [LOG] [Fast Refresh] done in 674ms @ http://localhost:3001/_next/static/chunks/node_modules_next_dist_1e8vcs8._.js:776
[  141209ms] [LOG] [Fast Refresh] done in 674ms @ http://localhost:3001/_next/static/chunks/node_modules_next_dist_1e8vcs8._.js:776
[  141269ms] [LOG] [Fast Refresh] done in 674ms @ http://localhost:3001/_next/static/chunks/node_modules_next_dist_1e8vcs8._.js:776
[  141330ms] [LOG] [Fast Refresh] done in 674ms @ http://localhost:3001/_next/static/chunks/node_modules_next_dist_1e8vcs8._.js:776
[  141391ms] [LOG] [Fast Refresh] done in 674ms @ http://localhost:3001/_next/static/chunks/node_modules_next_dist_1e8vcs8._.js:776
[  141453ms] [LOG] [Fast Refresh] done in 674ms @ http://localhost:3001/_next/static/chunks/node_modules_next_dist_1e8vcs8._.js:776
[  141515ms] [LOG] [Fast Refresh] done in 674ms @ http://localhost:3001/_next/static/chunks/node_modules_next_dist_1e8vcs8._.js:776
[  141578ms] [LOG] [Fast Refresh] done in 674ms @ http://localhost:3001/_next/static/chunks/node_modules_next_dist_1e8vcs8._.js:776
[  141661ms] [LOG] [Fast Refresh] done in 674ms @ http://localhost:3001/_next/static/chunks/node_modules_next_dist_1e8vcs8._.js:776
[  141732ms] [LOG] [Fast Refresh] done in 674ms @ http://localhost:3001/_next/static/chunks/node_modules_next_dist_1e8vcs8._.js:776
[  141812ms] [LOG] [Fast Refresh] done in 674ms @ http://localhost:3001/_next/static/chunks/node_modules_next_dist_1e8vcs8._.js:776
[  141872ms] [LOG] [Fast Refresh] done in 674ms @ http://localhost:3001/_next/static/chunks/node_modules_next_dist_1e8vcs8._.js:776
[  141934ms] [LOG] [Fast Refresh] done in 674ms @ http://localhost:3001/_next/static/chunks/node_modules_next_dist_1e8vcs8._.js:776
[  141996ms] [LOG] [Fast Refresh] done in 674ms @ http://localhost:3001/_next/static/chunks/node_modules_next_dist_1e8vcs8._.js:776
[  142057ms] [LOG] [Fast Refresh] done in 674ms @ http://localhost:3001/_next/static/chunks/node_modules_next_dist_1e8vcs8._.js:776
[  142122ms] [LOG] [Fast Refresh] done in 674ms @ http://localhost:3001/_next/static/chunks/node_modules_next_dist_1e8vcs8._.js:776
[  142182ms] [LOG] [Fast Refresh] done in 674ms @ http://localhost:3001/_next/static/chunks/node_modules_next_dist_1e8vcs8._.js:776
[  142244ms] [LOG] [Fast Refresh] done in 674ms @ http://localhost:3001/_next/static/chunks/node_modules_next_dist_1e8vcs8._.js:776
[  142307ms] [LOG] [Fast Refresh] done in 674ms @ http://localhost:3001/_next/static/chunks/node_modules_next_dist_1e8vcs8._.js:776
[  142382ms] [LOG] [Fast Refresh] done in 674ms @ http://localhost:3001/_next/static/chunks/node_modules_next_dist_1e8vcs8._.js:776
[  142447ms] [LOG] [Fast Refresh] done in 674ms @ http://localhost:3001/_next/static/chunks/node_modules_next_dist_1e8vcs8._.js:776
[  142509ms] [LOG] [Fast Refresh] done in 674ms @ http://localhost:3001/_next/static/chunks/node_modules_next_dist_1e8vcs8._.js:776
[  142570ms] [LOG] [Fast Refresh] done in 674ms @ http://localhost:3001/_next/static/chunks/node_modules_next_dist_1e8vcs8._.js:776
[  142631ms] [LOG] [Fast Refresh] done in 674ms @ http://localhost:3001/_next/static/chunks/node_modules_next_dist_1e8vcs8._.js:776
[  142693ms] [LOG] [Fast Refresh] done in 674ms @ http://localhost:3001/_next/static/chunks/node_modules_next_dist_1e8vcs8._.js:776
[  142756ms] [LOG] [Fast Refresh] done in 674ms @ http://localhost:3001/_next/static/chunks/node_modules_next_dist_1e8vcs8._.js:776
[  142818ms] [LOG] [Fast Refresh] done in 674ms @ http://localhost:3001/_next/static/chunks/node_modules_next_dist_1e8vcs8._.js:776
[  142879ms] [LOG] [Fast Refresh] done in 674ms @ http://localhost:3001/_next/static/chunks/node_modules_next_dist_1e8vcs8._.js:776
[  142942ms] [LOG] [Fast Refresh] done in 674ms @ http://localhost:3001/_next/static/chunks/node_modules_next_dist_1e8vcs8._.js:776
[  143005ms] [LOG] [Fast Refresh] done in 674ms @ http://localhost:3001/_next/static/chunks/node_modules_next_dist_1e8vcs8._.js:776
[  143066ms] [LOG] [Fast Refresh] done in 674ms @ http://localhost:3001/_next/static/chunks/node_modules_next_dist_1e8vcs8._.js:776
[  143130ms] [LOG] [Fast Refresh] done in 674ms @ http://localhost:3001/_next/static/chunks/node_modules_next_dist_1e8vcs8._.js:776
[  143192ms] [LOG] [Fast Refresh] done in 674ms @ http://localhost:3001/_next/static/chunks/node_modules_next_dist_1e8vcs8._.js:776
[  143254ms] [LOG] [Fast Refresh] done in 674ms @ http://localhost:3001/_next/static/chunks/node_modules_next_dist_1e8vcs8._.js:776
[  143317ms] [LOG] [Fast Refresh] done in 674ms @ http://localhost:3001/_next/static/chunks/node_modules_next_dist_1e8vcs8._.js:776
[  143378ms] [LOG] [Fast Refresh] done in 674ms @ http://localhost:3001/_next/static/chunks/node_modules_next_dist_1e8vcs8._.js:776
[  143442ms] [LOG] [Fast Refresh] done in 674ms @ http://localhost:3001/_next/static/chunks/node_modules_next_dist_1e8vcs8._.js:776
[  143509ms] [LOG] [Fast Refresh] done in 674ms @ http://localhost:3001/_next/static/chunks/node_modules_next_dist_1e8vcs8._.js:776
[  143569ms] [LOG] [Fast Refresh] done in 674ms @ http://localhost:3001/_next/static/chunks/node_modules_next_dist_1e8vcs8._.js:776
[  143630ms] [LOG] [Fast Refresh] done in 674ms @ http://localhost:3001/_next/static/chunks/node_modules_next_dist_1e8vcs8._.js:776
[  143692ms] [LOG] [Fast Refresh] done in 674ms @ http://localhost:3001/_next/static/chunks/node_modules_next_dist_1e8vcs8._.js:776
[  143755ms] [LOG] [Fast Refresh] done in 674ms @ http://localhost:3001/_next/static/chunks/node_modules_next_dist_1e8vcs8._.js:776
[  143824ms] [LOG] [Fast Refresh] done in 674ms @ http://localhost:3001/_next/static/chunks/node_modules_next_dist_1e8vcs8._.js:776
[  144033ms] [LOG] [Fast Refresh] rebuilding @ http://localhost:3001/_next/static/chunks/node_modules_next_dist_1e8vcs8._.js:776
[  145050ms] [LOG] [Fast Refresh] done in 1000ms @ http://localhost:3001/_next/static/chunks/node_modules_next_dist_1e8vcs8._.js:776
[  145051ms] [LOG] [Fast Refresh] done in 1000ms @ http://localhost:3001/_next/static/chunks/node_modules_next_dist_1e8vcs8._.js:776
[  145444ms] [LOG] [Fast Refresh] done in 1000ms @ http://localhost:3001/_next/static/chunks/node_modules_next_dist_1e8vcs8._.js:776
[  145612ms] [LOG] [Fast Refresh] done in 1000ms @ http://localhost:3001/_next/static/chunks/node_modules_next_dist_1e8vcs8._.js:776
[  145678ms] [LOG] [Fast Refresh] done in 1000ms @ http://localhost:3001/_next/static/chunks/node_modules_next_dist_1e8vcs8._.js:776
[  145801ms] [LOG] [Fast Refresh] done in 1000ms @ http://localhost:3001/_next/static/chunks/node_modules_next_dist_1e8vcs8._.js:776
[  145953ms] [LOG] [Fast Refresh] done in 1000ms @ http://localhost:3001/_next/static/chunks/node_modules_next_dist_1e8vcs8._.js:776
[  146053ms] [LOG] [Fast Refresh] done in 1000ms @ http://localhost:3001/_next/static/chunks/node_modules_next_dist_1e8vcs8._.js:776
[  146114ms] [LOG] [Fast Refresh] done in 1000ms @ http://localhost:3001/_next/static/chunks/node_modules_next_dist_1e8vcs8._.js:776
[  146206ms] [LOG] [Fast Refresh] done in 1000ms @ http://localhost:3001/_next/static/chunks/node_modules_next_dist_1e8vcs8._.js:776
[  146267ms] [LOG] [Fast Refresh] done in 1000ms @ http://localhost:3001/_next/static/chunks/node_modules_next_dist_1e8vcs8._.js:776
[  146327ms] [LOG] [Fast Refresh] done in 1000ms @ http://localhost:3001/_next/static/chunks/node_modules_next_dist_1e8vcs8._.js:776
[  146389ms] [LOG] [Fast Refresh] done in 1000ms @ http://localhost:3001/_next/static/chunks/node_modules_next_dist_1e8vcs8._.js:776
[  146450ms] [LOG] [Fast Refresh] done in 1000ms @ http://localhost:3001/_next/static/chunks/node_modules_next_dist_1e8vcs8._.js:776
[  146512ms] [LOG] [Fast Refresh] done in 1000ms @ http://localhost:3001/_next/static/chunks/node_modules_next_dist_1e8vcs8._.js:776
[  146574ms] [LOG] [Fast Refresh] done in 1000ms @ http://localhost:3001/_next/static/chunks/node_modules_next_dist_1e8vcs8._.js:776
[  146636ms] [LOG] [Fast Refresh] done in 1000ms @ http://localhost:3001/_next/static/chunks/node_modules_next_dist_1e8vcs8._.js:776
[  146715ms] [LOG] [Fast Refresh] done in 1000ms @ http://localhost:3001/_next/static/chunks/node_modules_next_dist_1e8vcs8._.js:776
[  146779ms] [LOG] [Fast Refresh] done in 1000ms @ http://localhost:3001/_next/static/chunks/node_modules_next_dist_1e8vcs8._.js:776
[  146839ms] [LOG] [Fast Refresh] done in 1000ms @ http://localhost:3001/_next/static/chunks/node_modules_next_dist_1e8vcs8._.js:776
[  146902ms] [LOG] [Fast Refresh] done in 1000ms @ http://localhost:3001/_next/static/chunks/node_modules_next_dist_1e8vcs8._.js:776
[  146962ms] [LOG] [Fast Refresh] done in 1000ms @ http://localhost:3001/_next/static/chunks/node_modules_next_dist_1e8vcs8._.js:776
[  147025ms] [LOG] [Fast Refresh] done in 1000ms @ http://localhost:3001/_next/static/chunks/node_modules_next_dist_1e8vcs8._.js:776
[  147088ms] [LOG] [Fast Refresh] done in 1000ms @ http://localhost:3001/_next/static/chunks/node_modules_next_dist_1e8vcs8._.js:776
[  147152ms] [LOG] [Fast Refresh] done in 1000ms @ http://localhost:3001/_next/static/chunks/node_modules_next_dist_1e8vcs8._.js:776
[  147214ms] [LOG] [Fast Refresh] done in 1000ms @ http://localhost:3001/_next/static/chunks/node_modules_next_dist_1e8vcs8._.js:776
[  147279ms] [LOG] [Fast Refresh] done in 1000ms @ http://localhost:3001/_next/static/chunks/node_modules_next_dist_1e8vcs8._.js:776
[  147341ms] [LOG] [Fast Refresh] done in 1000ms @ http://localhost:3001/_next/static/chunks/node_modules_next_dist_1e8vcs8._.js:776
[  147427ms] [LOG] [Fast Refresh] done in 1000ms @ http://localhost:3001/_next/static/chunks/node_modules_next_dist_1e8vcs8._.js:776
[  147500ms] [LOG] [Fast Refresh] done in 1000ms @ http://localhost:3001/_next/static/chunks/node_modules_next_dist_1e8vcs8._.js:776
[  147561ms] [LOG] [Fast Refresh] done in 1000ms @ http://localhost:3001/_next/static/chunks/node_modules_next_dist_1e8vcs8._.js:776
[  147624ms] [LOG] [Fast Refresh] done in 1000ms @ http://localhost:3001/_next/static/chunks/node_modules_next_dist_1e8vcs8._.js:776
[  147684ms] [LOG] [Fast Refresh] done in 1000ms @ http://localhost:3001/_next/static/chunks/node_modules_next_dist_1e8vcs8._.js:776
[  147748ms] [LOG] [Fast Refresh] done in 1000ms @ http://localhost:3001/_next/static/chunks/node_modules_next_dist_1e8vcs8._.js:776
[  147810ms] [LOG] [Fast Refresh] done in 1000ms @ http://localhost:3001/_next/static/chunks/node_modules_next_dist_1e8vcs8._.js:776
[  147873ms] [LOG] [Fast Refresh] done in 1000ms @ http://localhost:3001/_next/static/chunks/node_modules_next_dist_1e8vcs8._.js:776
[  147934ms] [LOG] [Fast Refresh] done in 1000ms @ http://localhost:3001/_next/static/chunks/node_modules_next_dist_1e8vcs8._.js:776
[  147998ms] [LOG] [Fast Refresh] done in 1000ms @ http://localhost:3001/_next/static/chunks/node_modules_next_dist_1e8vcs8._.js:776
[  148061ms] [LOG] [Fast Refresh] done in 1000ms @ http://localhost:3001/_next/static/chunks/node_modules_next_dist_1e8vcs8._.js:776
[  148123ms] [LOG] [Fast Refresh] done in 1000ms @ http://localhost:3001/_next/static/chunks/node_modules_next_dist_1e8vcs8._.js:776
[  148187ms] [LOG] [Fast Refresh] done in 1000ms @ http://localhost:3001/_next/static/chunks/node_modules_next_dist_1e8vcs8._.js:776
[  148249ms] [LOG] [Fast Refresh] done in 1000ms @ http://localhost:3001/_next/static/chunks/node_modules_next_dist_1e8vcs8._.js:776
[  148422ms] [LOG] [Fast Refresh] done in 1000ms @ http://localhost:3001/_next/static/chunks/node_modules_next_dist_1e8vcs8._.js:776
[  148633ms] [LOG] [Fast Refresh] rebuilding @ http://localhost:3001/_next/static/chunks/node_modules_next_dist_1e8vcs8._.js:776
[  149436ms] [LOG] [Fast Refresh] done in 809ms @ http://localhost:3001/_next/static/chunks/node_modules_next_dist_1e8vcs8._.js:776
[  149688ms] [LOG] [Fast Refresh] done in 809ms @ http://localhost:3001/_next/static/chunks/node_modules_next_dist_1e8vcs8._.js:776
[  149807ms] [LOG] [Fast Refresh] done in 809ms @ http://localhost:3001/_next/static/chunks/node_modules_next_dist_1e8vcs8._.js:776
[  149891ms] [LOG] [Fast Refresh] done in 809ms @ http://localhost:3001/_next/static/chunks/node_modules_next_dist_1e8vcs8._.js:776
[  149958ms] [LOG] [Fast Refresh] done in 809ms @ http://localhost:3001/_next/static/chunks/node_modules_next_dist_1e8vcs8._.js:776
[  150052ms] [LOG] [Fast Refresh] done in 809ms @ http://localhost:3001/_next/static/chunks/node_modules_next_dist_1e8vcs8._.js:776
[  150112ms] [LOG] [Fast Refresh] done in 809ms @ http://localhost:3001/_next/static/chunks/node_modules_next_dist_1e8vcs8._.js:776
[  150177ms] [LOG] [Fast Refresh] done in 809ms @ http://localhost:3001/_next/static/chunks/node_modules_next_dist_1e8vcs8._.js:776
[  150238ms] [LOG] [Fast Refresh] done in 809ms @ http://localhost:3001/_next/static/chunks/node_modules_next_dist_1e8vcs8._.js:776
[  150319ms] [LOG] [Fast Refresh] done in 809ms @ http://localhost:3001/_next/static/chunks/node_modules_next_dist_1e8vcs8._.js:776
[  150392ms] [LOG] [Fast Refresh] done in 809ms @ http://localhost:3001/_next/static/chunks/node_modules_next_dist_1e8vcs8._.js:776
[  150452ms] [LOG] [Fast Refresh] done in 809ms @ http://localhost:3001/_next/static/chunks/node_modules_next_dist_1e8vcs8._.js:776
[  150514ms] [LOG] [Fast Refresh] done in 809ms @ http://localhost:3001/_next/static/chunks/node_modules_next_dist_1e8vcs8._.js:776
[  150575ms] [LOG] [Fast Refresh] done in 809ms @ http://localhost:3001/_next/static/chunks/node_modules_next_dist_1e8vcs8._.js:776
[  150637ms] [LOG] [Fast Refresh] done in 809ms @ http://localhost:3001/_next/static/chunks/node_modules_next_dist_1e8vcs8._.js:776
[  150701ms] [LOG] [Fast Refresh] done in 809ms @ http://localhost:3001/_next/static/chunks/node_modules_next_dist_1e8vcs8._.js:776
[  150762ms] [LOG] [Fast Refresh] done in 809ms @ http://localhost:3001/_next/static/chunks/node_modules_next_dist_1e8vcs8._.js:776
[  150825ms] [LOG] [Fast Refresh] done in 809ms @ http://localhost:3001/_next/static/chunks/node_modules_next_dist_1e8vcs8._.js:776
[  150888ms] [LOG] [Fast Refresh] done in 809ms @ http://localhost:3001/_next/static/chunks/node_modules_next_dist_1e8vcs8._.js:776
[  150949ms] [LOG] [Fast Refresh] done in 809ms @ http://localhost:3001/_next/static/chunks/node_modules_next_dist_1e8vcs8._.js:776
[  151010ms] [LOG] [Fast Refresh] done in 809ms @ http://localhost:3001/_next/static/chunks/node_modules_next_dist_1e8vcs8._.js:776
[  151074ms] [LOG] [Fast Refresh] done in 809ms @ http://localhost:3001/_next/static/chunks/node_modules_next_dist_1e8vcs8._.js:776
[  151135ms] [LOG] [Fast Refresh] done in 809ms @ http://localhost:3001/_next/static/chunks/node_modules_next_dist_1e8vcs8._.js:776
[  151197ms] [LOG] [Fast Refresh] done in 809ms @ http://localhost:3001/_next/static/chunks/node_modules_next_dist_1e8vcs8._.js:776
[  151258ms] [LOG] [Fast Refresh] done in 809ms @ http://localhost:3001/_next/static/chunks/node_modules_next_dist_1e8vcs8._.js:776
[  151320ms] [LOG] [Fast Refresh] done in 809ms @ http://localhost:3001/_next/static/chunks/node_modules_next_dist_1e8vcs8._.js:776
[  151382ms] [LOG] [Fast Refresh] done in 809ms @ http://localhost:3001/_next/static/chunks/node_modules_next_dist_1e8vcs8._.js:776
[  151444ms] [LOG] [Fast Refresh] done in 809ms @ http://localhost:3001/_next/static/chunks/node_modules_next_dist_1e8vcs8._.js:776
[  151505ms] [LOG] [Fast Refresh] done in 809ms @ http://localhost:3001/_next/static/chunks/node_modules_next_dist_1e8vcs8._.js:776
[  151567ms] [LOG] [Fast Refresh] done in 809ms @ http://localhost:3001/_next/static/chunks/node_modules_next_dist_1e8vcs8._.js:776
[  151630ms] [LOG] [Fast Refresh] done in 809ms @ http://localhost:3001/_next/static/chunks/node_modules_next_dist_1e8vcs8._.js:776
[  151692ms] [LOG] [Fast Refresh] done in 809ms @ http://localhost:3001/_next/static/chunks/node_modules_next_dist_1e8vcs8._.js:776
[  151754ms] [LOG] [Fast Refresh] done in 809ms @ http://localhost:3001/_next/static/chunks/node_modules_next_dist_1e8vcs8._.js:776
[  151816ms] [LOG] [Fast Refresh] done in 809ms @ http://localhost:3001/_next/static/chunks/node_modules_next_dist_1e8vcs8._.js:776
[  151878ms] [LOG] [Fast Refresh] done in 809ms @ http://localhost:3001/_next/static/chunks/node_modules_next_dist_1e8vcs8._.js:776
[  151942ms] [LOG] [Fast Refresh] done in 809ms @ http://localhost:3001/_next/static/chunks/node_modules_next_dist_1e8vcs8._.js:776
[  152004ms] [LOG] [Fast Refresh] done in 809ms @ http://localhost:3001/_next/static/chunks/node_modules_next_dist_1e8vcs8._.js:776
[  152067ms] [LOG] [Fast Refresh] done in 809ms @ http://localhost:3001/_next/static/chunks/node_modules_next_dist_1e8vcs8._.js:776
[  152128ms] [LOG] [Fast Refresh] done in 809ms @ http://localhost:3001/_next/static/chunks/node_modules_next_dist_1e8vcs8._.js:776
[  152192ms] [LOG] [Fast Refresh] done in 809ms @ http://localhost:3001/_next/static/chunks/node_modules_next_dist_1e8vcs8._.js:776
[  152253ms] [LOG] [Fast Refresh] done in 809ms @ http://localhost:3001/_next/static/chunks/node_modules_next_dist_1e8vcs8._.js:776
[  152313ms] [LOG] [Fast Refresh] done in 809ms @ http://localhost:3001/_next/static/chunks/node_modules_next_dist_1e8vcs8._.js:776
[  152373ms] [LOG] [Fast Refresh] done in 809ms @ http://localhost:3001/_next/static/chunks/node_modules_next_dist_1e8vcs8._.js:776
[  152436ms] [LOG] [Fast Refresh] done in 809ms @ http://localhost:3001/_next/static/chunks/node_modules_next_dist_1e8vcs8._.js:776
[  152498ms] [LOG] [Fast Refresh] done in 809ms @ http://localhost:3001/_next/static/chunks/node_modules_next_dist_1e8vcs8._.js:776
[  152560ms] [LOG] [Fast Refresh] done in 809ms @ http://localhost:3001/_next/static/chunks/node_modules_next_dist_1e8vcs8._.js:776
[  152622ms] [LOG] [Fast Refresh] done in 809ms @ http://localhost:3001/_next/static/chunks/node_modules_next_dist_1e8vcs8._.js:776
[  152684ms] [LOG] [Fast Refresh] done in 809ms @ http://localhost:3001/_next/static/chunks/node_modules_next_dist_1e8vcs8._.js:776
[  152748ms] [LOG] [Fast Refresh] done in 809ms @ http://localhost:3001/_next/static/chunks/node_modules_next_dist_1e8vcs8._.js:776
[  152811ms] [LOG] [Fast Refresh] done in 809ms @ http://localhost:3001/_next/static/chunks/node_modules_next_dist_1e8vcs8._.js:776
[  152873ms] [LOG] [Fast Refresh] done in 809ms @ http://localhost:3001/_next/static/chunks/node_modules_next_dist_1e8vcs8._.js:776
[  152936ms] [LOG] [Fast Refresh] done in 809ms @ http://localhost:3001/_next/static/chunks/node_modules_next_dist_1e8vcs8._.js:776
[  152965ms] [WARNING] The resource http://localhost:3001/_next/static/chunks/%5Broot-of-the-server%5D__0lthcoq._.css was preloaded using link preload but not used within a few seconds from the window's load event. Please make sure it has an appropriate `as` value and it is preloaded intentionally. @ http://localhost:3001/pt/datastories/portugal-2030/projetos-do-portugal-2030:0
[  153029ms] [LOG] [Fast Refresh] done in 809ms @ http://localhost:3001/_next/static/chunks/node_modules_next_dist_1e8vcs8._.js:776
[  153091ms] [LOG] [Fast Refresh] done in 809ms @ http://localhost:3001/_next/static/chunks/node_modules_next_dist_1e8vcs8._.js:776
[  153154ms] [LOG] [Fast Refresh] done in 809ms @ http://localhost:3001/_next/static/chunks/node_modules_next_dist_1e8vcs8._.js:776
[  153217ms] [LOG] [Fast Refresh] done in 809ms @ http://localhost:3001/_next/static/chunks/node_modules_next_dist_1e8vcs8._.js:776
[  153279ms] [LOG] [Fast Refresh] done in 809ms @ http://localhost:3001/_next/static/chunks/node_modules_next_dist_1e8vcs8._.js:776
[  153340ms] [LOG] [Fast Refresh] done in 809ms @ http://localhost:3001/_next/static/chunks/node_modules_next_dist_1e8vcs8._.js:776
[  153402ms] [LOG] [Fast Refresh] done in 809ms @ http://localhost:3001/_next/static/chunks/node_modules_next_dist_1e8vcs8._.js:776
[  153465ms] [LOG] [Fast Refresh] done in 809ms @ http://localhost:3001/_next/static/chunks/node_modules_next_dist_1e8vcs8._.js:776
[  153527ms] [LOG] [Fast Refresh] done in 809ms @ http://localhost:3001/_next/static/chunks/node_modules_next_dist_1e8vcs8._.js:776
[  153591ms] [LOG] [Fast Refresh] done in 809ms @ http://localhost:3001/_next/static/chunks/node_modules_next_dist_1e8vcs8._.js:776
[  153652ms] [LOG] [Fast Refresh] done in 809ms @ http://localhost:3001/_next/static/chunks/node_modules_next_dist_1e8vcs8._.js:776
[  153715ms] [LOG] [Fast Refresh] done in 809ms @ http://localhost:3001/_next/static/chunks/node_modules_next_dist_1e8vcs8._.js:776
[  153776ms] [LOG] [Fast Refresh] done in 809ms @ http://localhost:3001/_next/static/chunks/node_modules_next_dist_1e8vcs8._.js:776
[  153838ms] [LOG] [Fast Refresh] done in 809ms @ http://localhost:3001/_next/static/chunks/node_modules_next_dist_1e8vcs8._.js:776
[  153900ms] [LOG] [Fast Refresh] done in 809ms @ http://localhost:3001/_next/static/chunks/node_modules_next_dist_1e8vcs8._.js:776
[  153963ms] [LOG] [Fast Refresh] done in 809ms @ http://localhost:3001/_next/static/chunks/node_modules_next_dist_1e8vcs8._.js:776
[  154024ms] [LOG] [Fast Refresh] done in 809ms @ http://localhost:3001/_next/static/chunks/node_modules_next_dist_1e8vcs8._.js:776
[  154086ms] [LOG] [Fast Refresh] done in 809ms @ http://localhost:3001/_next/static/chunks/node_modules_next_dist_1e8vcs8._.js:776
[  154148ms] [LOG] [Fast Refresh] done in 809ms @ http://localhost:3001/_next/static/chunks/node_modules_next_dist_1e8vcs8._.js:776
[  154210ms] [LOG] [Fast Refresh] done in 809ms @ http://localhost:3001/_next/static/chunks/node_modules_next_dist_1e8vcs8._.js:776
[  154272ms] [LOG] [Fast Refresh] done in 809ms @ http://localhost:3001/_next/static/chunks/node_modules_next_dist_1e8vcs8._.js:776
[  154335ms] [LOG] [Fast Refresh] done in 809ms @ http://localhost:3001/_next/static/chunks/node_modules_next_dist_1e8vcs8._.js:776
[  154397ms] [LOG] [Fast Refresh] done in 809ms @ http://localhost:3001/_next/static/chunks/node_modules_next_dist_1e8vcs8._.js:776
[  154462ms] [LOG] [Fast Refresh] done in 809ms @ http://localhost:3001/_next/static/chunks/node_modules_next_dist_1e8vcs8._.js:776
[  154522ms] [LOG] [Fast Refresh] done in 809ms @ http://localhost:3001/_next/static/chunks/node_modules_next_dist_1e8vcs8._.js:776
[  154585ms] [LOG] [Fast Refresh] done in 809ms @ http://localhost:3001/_next/static/chunks/node_modules_next_dist_1e8vcs8._.js:776
[  154646ms] [LOG] [Fast Refresh] done in 809ms @ http://localhost:3001/_next/static/chunks/node_modules_next_dist_1e8vcs8._.js:776
[  154709ms] [LOG] [Fast Refresh] done in 809ms @ http://localhost:3001/_next/static/chunks/node_modules_next_dist_1e8vcs8._.js:776
[  154775ms] [LOG] [Fast Refresh] done in 809ms @ http://localhost:3001/_next/static/chunks/node_modules_next_dist_1e8vcs8._.js:776
[  154835ms] [LOG] [Fast Refresh] done in 809ms @ http://localhost:3001/_next/static/chunks/node_modules_next_dist_1e8vcs8._.js:776
[  154898ms] [LOG] [Fast Refresh] done in 809ms @ http://localhost:3001/_next/static/chunks/node_modules_next_dist_1e8vcs8._.js:776
[  154961ms] [LOG] [Fast Refresh] done in 809ms @ http://localhost:3001/_next/static/chunks/node_modules_next_dist_1e8vcs8._.js:776
[  155023ms] [LOG] [Fast Refresh] done in 809ms @ http://localhost:3001/_next/static/chunks/node_modules_next_dist_1e8vcs8._.js:776
[  155086ms] [LOG] [Fast Refresh] done in 809ms @ http://localhost:3001/_next/static/chunks/node_modules_next_dist_1e8vcs8._.js:776
[  155144ms] [LOG] [Fast Refresh] done in 809ms @ http://localhost:3001/_next/static/chunks/node_modules_next_dist_1e8vcs8._.js:776
[  155241ms] [LOG] [Fast Refresh] done in 809ms @ http://localhost:3001/_next/static/chunks/node_modules_next_dist_1e8vcs8._.js:776
[  155303ms] [LOG] [Fast Refresh] done in 809ms @ http://localhost:3001/_next/static/chunks/node_modules_next_dist_1e8vcs8._.js:776
[  155366ms] [LOG] [Fast Refresh] done in 809ms @ http://localhost:3001/_next/static/chunks/node_modules_next_dist_1e8vcs8._.js:776
[  155428ms] [LOG] [Fast Refresh] done in 809ms @ http://localhost:3001/_next/static/chunks/node_modules_next_dist_1e8vcs8._.js:776
[  155490ms] [LOG] [Fast Refresh] done in 809ms @ http://localhost:3001/_next/static/chunks/node_modules_next_dist_1e8vcs8._.js:776
[  155551ms] [LOG] [Fast Refresh] done in 809ms @ http://localhost:3001/_next/static/chunks/node_modules_next_dist_1e8vcs8._.js:776
[  155612ms] [LOG] [Fast Refresh] done in 809ms @ http://localhost:3001/_next/static/chunks/node_modules_next_dist_1e8vcs8._.js:776
[  155677ms] [LOG] [Fast Refresh] done in 809ms @ http://localhost:3001/_next/static/chunks/node_modules_next_dist_1e8vcs8._.js:776
[  155739ms] [LOG] [Fast Refresh] done in 809ms @ http://localhost:3001/_next/static/chunks/node_modules_next_dist_1e8vcs8._.js:776
[  155802ms] [LOG] [Fast Refresh] done in 809ms @ http://localhost:3001/_next/static/chunks/node_modules_next_dist_1e8vcs8._.js:776
[  155864ms] [LOG] [Fast Refresh] done in 809ms @ http://localhost:3001/_next/static/chunks/node_modules_next_dist_1e8vcs8._.js:776
[  155928ms] [LOG] [Fast Refresh] done in 809ms @ http://localhost:3001/_next/static/chunks/node_modules_next_dist_1e8vcs8._.js:776
[  155988ms] [LOG] [Fast Refresh] done in 809ms @ http://localhost:3001/_next/static/chunks/node_modules_next_dist_1e8vcs8._.js:776
[  156049ms] [LOG] [Fast Refresh] done in 809ms @ http://localhost:3001/_next/static/chunks/node_modules_next_dist_1e8vcs8._.js:776
[  156111ms] [LOG] [Fast Refresh] done in 809ms @ http://localhost:3001/_next/static/chunks/node_modules_next_dist_1e8vcs8._.js:776
[  156174ms] [LOG] [Fast Refresh] done in 809ms @ http://localhost:3001/_next/static/chunks/node_modules_next_dist_1e8vcs8._.js:776
[  156301ms] [LOG] [Fast Refresh] done in 809ms @ http://localhost:3001/_next/static/chunks/node_modules_next_dist_1e8vcs8._.js:776
[  156595ms] [LOG] [Fast Refresh] rebuilding @ http://localhost:3001/_next/static/chunks/node_modules_next_dist_1e8vcs8._.js:776
[  157645ms] [LOG] [Fast Refresh] done in 965ms @ http://localhost:3001/_next/static/chunks/node_modules_next_dist_1e8vcs8._.js:776
[  157815ms] [LOG] [Fast Refresh] done in 965ms @ http://localhost:3001/_next/static/chunks/node_modules_next_dist_1e8vcs8._.js:776
[  157919ms] [LOG] [Fast Refresh] done in 965ms @ http://localhost:3001/_next/static/chunks/node_modules_next_dist_1e8vcs8._.js:776
[  158003ms] [LOG] [Fast Refresh] done in 965ms @ http://localhost:3001/_next/static/chunks/node_modules_next_dist_1e8vcs8._.js:776
[  158106ms] [LOG] [Fast Refresh] done in 965ms @ http://localhost:3001/_next/static/chunks/node_modules_next_dist_1e8vcs8._.js:776
[  158172ms] [LOG] [Fast Refresh] done in 965ms @ http://localhost:3001/_next/static/chunks/node_modules_next_dist_1e8vcs8._.js:776
[  158228ms] [LOG] [Fast Refresh] done in 965ms @ http://localhost:3001/_next/static/chunks/node_modules_next_dist_1e8vcs8._.js:776
[  158293ms] [LOG] [Fast Refresh] done in 965ms @ http://localhost:3001/_next/static/chunks/node_modules_next_dist_1e8vcs8._.js:776
[  158368ms] [LOG] [Fast Refresh] done in 965ms @ http://localhost:3001/_next/static/chunks/node_modules_next_dist_1e8vcs8._.js:776
[  158429ms] [LOG] [Fast Refresh] done in 965ms @ http://localhost:3001/_next/static/chunks/node_modules_next_dist_1e8vcs8._.js:776
[  158492ms] [LOG] [Fast Refresh] done in 965ms @ http://localhost:3001/_next/static/chunks/node_modules_next_dist_1e8vcs8._.js:776
[  158552ms] [LOG] [Fast Refresh] done in 965ms @ http://localhost:3001/_next/static/chunks/node_modules_next_dist_1e8vcs8._.js:776
[  158616ms] [LOG] [Fast Refresh] done in 965ms @ http://localhost:3001/_next/static/chunks/node_modules_next_dist_1e8vcs8._.js:776
[  158686ms] [LOG] [Fast Refresh] done in 965ms @ http://localhost:3001/_next/static/chunks/node_modules_next_dist_1e8vcs8._.js:776
[  158738ms] [LOG] [Fast Refresh] done in 965ms @ http://localhost:3001/_next/static/chunks/node_modules_next_dist_1e8vcs8._.js:776
[  158800ms] [LOG] [Fast Refresh] done in 965ms @ http://localhost:3001/_next/static/chunks/node_modules_next_dist_1e8vcs8._.js:776
[  158862ms] [LOG] [Fast Refresh] done in 965ms @ http://localhost:3001/_next/static/chunks/node_modules_next_dist_1e8vcs8._.js:776
[  158923ms] [LOG] [Fast Refresh] done in 965ms @ http://localhost:3001/_next/static/chunks/node_modules_next_dist_1e8vcs8._.js:776
[  158986ms] [LOG] [Fast Refresh] done in 965ms @ http://localhost:3001/_next/static/chunks/node_modules_next_dist_1e8vcs8._.js:776
[  159049ms] [LOG] [Fast Refresh] done in 965ms @ http://localhost:3001/_next/static/chunks/node_modules_next_dist_1e8vcs8._.js:776
[  159109ms] [LOG] [Fast Refresh] done in 965ms @ http://localhost:3001/_next/static/chunks/node_modules_next_dist_1e8vcs8._.js:776
[  159172ms] [LOG] [Fast Refresh] done in 965ms @ http://localhost:3001/_next/static/chunks/node_modules_next_dist_1e8vcs8._.js:776
[  159235ms] [LOG] [Fast Refresh] done in 965ms @ http://localhost:3001/_next/static/chunks/node_modules_next_dist_1e8vcs8._.js:776
[  159297ms] [LOG] [Fast Refresh] done in 965ms @ http://localhost:3001/_next/static/chunks/node_modules_next_dist_1e8vcs8._.js:776
[  159359ms] [LOG] [Fast Refresh] done in 965ms @ http://localhost:3001/_next/static/chunks/node_modules_next_dist_1e8vcs8._.js:776
[  159423ms] [LOG] [Fast Refresh] done in 965ms @ http://localhost:3001/_next/static/chunks/node_modules_next_dist_1e8vcs8._.js:776
[  159487ms] [LOG] [Fast Refresh] done in 965ms @ http://localhost:3001/_next/static/chunks/node_modules_next_dist_1e8vcs8._.js:776
[  159548ms] [LOG] [Fast Refresh] done in 965ms @ http://localhost:3001/_next/static/chunks/node_modules_next_dist_1e8vcs8._.js:776
[  159610ms] [LOG] [Fast Refresh] done in 965ms @ http://localhost:3001/_next/static/chunks/node_modules_next_dist_1e8vcs8._.js:776
[  159672ms] [LOG] [Fast Refresh] done in 965ms @ http://localhost:3001/_next/static/chunks/node_modules_next_dist_1e8vcs8._.js:776
[  159735ms] [LOG] [Fast Refresh] done in 965ms @ http://localhost:3001/_next/static/chunks/node_modules_next_dist_1e8vcs8._.js:776
[  159797ms] [LOG] [Fast Refresh] done in 965ms @ http://localhost:3001/_next/static/chunks/node_modules_next_dist_1e8vcs8._.js:776
[  159860ms] [LOG] [Fast Refresh] done in 965ms @ http://localhost:3001/_next/static/chunks/node_modules_next_dist_1e8vcs8._.js:776
[  159922ms] [LOG] [Fast Refresh] done in 965ms @ http://localhost:3001/_next/static/chunks/node_modules_next_dist_1e8vcs8._.js:776
[  159983ms] [LOG] [Fast Refresh] done in 965ms @ http://localhost:3001/_next/static/chunks/node_modules_next_dist_1e8vcs8._.js:776
[  160047ms] [LOG] [Fast Refresh] done in 965ms @ http://localhost:3001/_next/static/chunks/node_modules_next_dist_1e8vcs8._.js:776
[  160110ms] [LOG] [Fast Refresh] done in 965ms @ http://localhost:3001/_next/static/chunks/node_modules_next_dist_1e8vcs8._.js:776
[  160173ms] [LOG] [Fast Refresh] done in 965ms @ http://localhost:3001/_next/static/chunks/node_modules_next_dist_1e8vcs8._.js:776
[  160235ms] [LOG] [Fast Refresh] done in 965ms @ http://localhost:3001/_next/static/chunks/node_modules_next_dist_1e8vcs8._.js:776
[  160297ms] [LOG] [Fast Refresh] done in 965ms @ http://localhost:3001/_next/static/chunks/node_modules_next_dist_1e8vcs8._.js:776
[  160361ms] [LOG] [Fast Refresh] done in 965ms @ http://localhost:3001/_next/static/chunks/node_modules_next_dist_1e8vcs8._.js:776
[  160422ms] [LOG] [Fast Refresh] done in 965ms @ http://localhost:3001/_next/static/chunks/node_modules_next_dist_1e8vcs8._.js:776
[  160485ms] [LOG] [Fast Refresh] done in 965ms @ http://localhost:3001/_next/static/chunks/node_modules_next_dist_1e8vcs8._.js:776
[  160547ms] [LOG] [Fast Refresh] done in 965ms @ http://localhost:3001/_next/static/chunks/node_modules_next_dist_1e8vcs8._.js:776
[  160610ms] [LOG] [Fast Refresh] done in 965ms @ http://localhost:3001/_next/static/chunks/node_modules_next_dist_1e8vcs8._.js:776
[  160673ms] [LOG] [Fast Refresh] done in 965ms @ http://localhost:3001/_next/static/chunks/node_modules_next_dist_1e8vcs8._.js:776
[  160735ms] [LOG] [Fast Refresh] done in 965ms @ http://localhost:3001/_next/static/chunks/node_modules_next_dist_1e8vcs8._.js:776
[  160802ms] [LOG] [Fast Refresh] done in 965ms @ http://localhost:3001/_next/static/chunks/node_modules_next_dist_1e8vcs8._.js:776
[  160875ms] [LOG] [Fast Refresh] done in 965ms @ http://localhost:3001/_next/static/chunks/node_modules_next_dist_1e8vcs8._.js:776
[  161079ms] [LOG] [Fast Refresh] rebuilding @ http://localhost:3001/_next/static/chunks/node_modules_next_dist_1e8vcs8._.js:776
[  161156ms] [WARNING] The resource http://localhost:3001/_next/static/chunks/%5Broot-of-the-server%5D__0lthcoq._.css was preloaded using link preload but not used within a few seconds from the window's load event. Please make sure it has an appropriate `as` value and it is preloaded intentionally. @ http://localhost:3001/pt/datastories/portugal-2030/projetos-do-portugal-2030:0
[  162378ms] Error: No link element found for chunk /_next/static/chunks/%5Broot-of-the-server%5D__0lthcoq._.css
    at http://localhost:3001/_next/static/chunks/turbopack-_08bm286._.js:2417:28
    at new Promise (<anonymous>)
    at Object.reloadChunk (http://localhost:3001/_next/static/chunks/turbopack-_08bm286._.js:2406:20)
    at applyChunkListUpdate (http://localhost:3001/_next/static/chunks/turbopack-_08bm286._.js:1940:46)
    at applyUpdate (http://localhost:3001/_next/static/chunks/turbopack-_08bm286._.js:1914:13)
    at handleApply (http://localhost:3001/_next/static/chunks/turbopack-_08bm286._.js:1977:17)
    at triggerUpdate (http://localhost:3001/_next/static/chunks/%5Bturbopack%5D_browser_dev_hmr-client_hmr-client_ts_1mojsay._.js:456:9)
    at applyAggregatedUpdates (http://localhost:3001/_next/static/chunks/%5Bturbopack%5D_browser_dev_hmr-client_hmr-client_ts_1mojsay._.js:98:9)
    at http://localhost:3001/_next/static/chunks/%5Bturbopack%5D_browser_dev_hmr-client_hmr-client_ts_1mojsay._.js:32:21
    at processTurbopackMessage (http://localhost:3001/_next/static/chunks/node_modules_next_dist_client_0_90u2t._.js:16436:13)
    at processMessage (http://localhost:3001/_next/static/chunks/node_modules_next_dist_client_0_90u2t._.js:16051:17)
    at WebSocket.handleMessage (http://localhost:3001/_next/static/chunks/node_modules_next_dist_client_0_90u2t._.js:16384:52)
[  162613ms] [LOG] [Fast Refresh] done in 1496ms @ http://localhost:3001/_next/static/chunks/node_modules_next_dist_1e8vcs8._.js:776
[  162760ms] [LOG] [Fast Refresh] done in 1496ms @ http://localhost:3001/_next/static/chunks/node_modules_next_dist_1e8vcs8._.js:776
[  162847ms] [LOG] [Fast Refresh] done in 1496ms @ http://localhost:3001/_next/static/chunks/node_modules_next_dist_1e8vcs8._.js:776
[  162966ms] [LOG] [Fast Refresh] done in 1496ms @ http://localhost:3001/_next/static/chunks/node_modules_next_dist_1e8vcs8._.js:776
[  163058ms] [LOG] [Fast Refresh] done in 1496ms @ http://localhost:3001/_next/static/chunks/node_modules_next_dist_1e8vcs8._.js:776
[  163126ms] [LOG] [Fast Refresh] done in 1496ms @ http://localhost:3001/_next/static/chunks/node_modules_next_dist_1e8vcs8._.js:776
[  163200ms] [LOG] [Fast Refresh] done in 1496ms @ http://localhost:3001/_next/static/chunks/node_modules_next_dist_1e8vcs8._.js:776
[  163249ms] [LOG] [Fast Refresh] done in 1496ms @ http://localhost:3001/_next/static/chunks/node_modules_next_dist_1e8vcs8._.js:776
[  163425ms] [LOG] [Fast Refresh] done in 1496ms @ http://localhost:3001/_next/static/chunks/node_modules_next_dist_1e8vcs8._.js:776
[  163491ms] [LOG] [Fast Refresh] done in 1496ms @ http://localhost:3001/_next/static/chunks/node_modules_next_dist_1e8vcs8._.js:776
[  163558ms] [LOG] [Fast Refresh] done in 1496ms @ http://localhost:3001/_next/static/chunks/node_modules_next_dist_1e8vcs8._.js:776
[  163619ms] [LOG] [Fast Refresh] done in 1496ms @ http://localhost:3001/_next/static/chunks/node_modules_next_dist_1e8vcs8._.js:776
[  163680ms] [LOG] [Fast Refresh] done in 1496ms @ http://localhost:3001/_next/static/chunks/node_modules_next_dist_1e8vcs8._.js:776
[  163788ms] [LOG] [Fast Refresh] done in 1496ms @ http://localhost:3001/_next/static/chunks/node_modules_next_dist_1e8vcs8._.js:776
[  163852ms] [LOG] [Fast Refresh] done in 1496ms @ http://localhost:3001/_next/static/chunks/node_modules_next_dist_1e8vcs8._.js:776
[  163913ms] [LOG] [Fast Refresh] done in 1496ms @ http://localhost:3001/_next/static/chunks/node_modules_next_dist_1e8vcs8._.js:776
[  163975ms] [LOG] [Fast Refresh] done in 1496ms @ http://localhost:3001/_next/static/chunks/node_modules_next_dist_1e8vcs8._.js:776
[  164038ms] [LOG] [Fast Refresh] done in 1496ms @ http://localhost:3001/_next/static/chunks/node_modules_next_dist_1e8vcs8._.js:776
[  164100ms] [LOG] [Fast Refresh] done in 1496ms @ http://localhost:3001/_next/static/chunks/node_modules_next_dist_1e8vcs8._.js:776
[  164161ms] [LOG] [Fast Refresh] done in 1496ms @ http://localhost:3001/_next/static/chunks/node_modules_next_dist_1e8vcs8._.js:776
[  164225ms] [LOG] [Fast Refresh] done in 1496ms @ http://localhost:3001/_next/static/chunks/node_modules_next_dist_1e8vcs8._.js:776
[  164287ms] [LOG] [Fast Refresh] done in 1496ms @ http://localhost:3001/_next/static/chunks/node_modules_next_dist_1e8vcs8._.js:776
[  164348ms] [LOG] [Fast Refresh] done in 1496ms @ http://localhost:3001/_next/static/chunks/node_modules_next_dist_1e8vcs8._.js:776
[  164412ms] [LOG] [Fast Refresh] done in 1496ms @ http://localhost:3001/_next/static/chunks/node_modules_next_dist_1e8vcs8._.js:776
[  164477ms] [LOG] [Fast Refresh] done in 1496ms @ http://localhost:3001/_next/static/chunks/node_modules_next_dist_1e8vcs8._.js:776
[  164538ms] [LOG] [Fast Refresh] done in 1496ms @ http://localhost:3001/_next/static/chunks/node_modules_next_dist_1e8vcs8._.js:776
[  164599ms] [LOG] [Fast Refresh] done in 1496ms @ http://localhost:3001/_next/static/chunks/node_modules_next_dist_1e8vcs8._.js:776
[  164659ms] [LOG] [Fast Refresh] done in 1496ms @ http://localhost:3001/_next/static/chunks/node_modules_next_dist_1e8vcs8._.js:776
[  164722ms] [LOG] [Fast Refresh] done in 1496ms @ http://localhost:3001/_next/static/chunks/node_modules_next_dist_1e8vcs8._.js:776
[  164784ms] [LOG] [Fast Refresh] done in 1496ms @ http://localhost:3001/_next/static/chunks/node_modules_next_dist_1e8vcs8._.js:776
[  164846ms] [LOG] [Fast Refresh] done in 1496ms @ http://localhost:3001/_next/static/chunks/node_modules_next_dist_1e8vcs8._.js:776
[  164908ms] [LOG] [Fast Refresh] done in 1496ms @ http://localhost:3001/_next/static/chunks/node_modules_next_dist_1e8vcs8._.js:776
[  164970ms] [LOG] [Fast Refresh] done in 1496ms @ http://localhost:3001/_next/static/chunks/node_modules_next_dist_1e8vcs8._.js:776
[  165032ms] [LOG] [Fast Refresh] done in 1496ms @ http://localhost:3001/_next/static/chunks/node_modules_next_dist_1e8vcs8._.js:776
[  165093ms] [LOG] [Fast Refresh] done in 1496ms @ http://localhost:3001/_next/static/chunks/node_modules_next_dist_1e8vcs8._.js:776
[  165155ms] [LOG] [Fast Refresh] done in 1496ms @ http://localhost:3001/_next/static/chunks/node_modules_next_dist_1e8vcs8._.js:776
[  165216ms] [LOG] [Fast Refresh] done in 1496ms @ http://localhost:3001/_next/static/chunks/node_modules_next_dist_1e8vcs8._.js:776
[  165278ms] [LOG] [Fast Refresh] done in 1496ms @ http://localhost:3001/_next/static/chunks/node_modules_next_dist_1e8vcs8._.js:776
[  165342ms] [LOG] [Fast Refresh] done in 1496ms @ http://localhost:3001/_next/static/chunks/node_modules_next_dist_1e8vcs8._.js:776
[  165402ms] [LOG] [Fast Refresh] done in 1496ms @ http://localhost:3001/_next/static/chunks/node_modules_next_dist_1e8vcs8._.js:776
[  165464ms] [LOG] [Fast Refresh] done in 1496ms @ http://localhost:3001/_next/static/chunks/node_modules_next_dist_1e8vcs8._.js:776
[  165526ms] [LOG] [Fast Refresh] done in 1496ms @ http://localhost:3001/_next/static/chunks/node_modules_next_dist_1e8vcs8._.js:776
[  165589ms] [LOG] [Fast Refresh] done in 1496ms @ http://localhost:3001/_next/static/chunks/node_modules_next_dist_1e8vcs8._.js:776
[  165650ms] [LOG] [Fast Refresh] done in 1496ms @ http://localhost:3001/_next/static/chunks/node_modules_next_dist_1e8vcs8._.js:776
[  165712ms] [LOG] [Fast Refresh] done in 1496ms @ http://localhost:3001/_next/static/chunks/node_modules_next_dist_1e8vcs8._.js:776
[  165774ms] [LOG] [Fast Refresh] done in 1496ms @ http://localhost:3001/_next/static/chunks/node_modules_next_dist_1e8vcs8._.js:776
[  165837ms] [LOG] [Fast Refresh] done in 1496ms @ http://localhost:3001/_next/static/chunks/node_modules_next_dist_1e8vcs8._.js:776
[  165899ms] [LOG] [Fast Refresh] done in 1496ms @ http://localhost:3001/_next/static/chunks/node_modules_next_dist_1e8vcs8._.js:776
[  165961ms] [LOG] [Fast Refresh] done in 1496ms @ http://localhost:3001/_next/static/chunks/node_modules_next_dist_1e8vcs8._.js:776
[  166023ms] [LOG] [Fast Refresh] done in 1496ms @ http://localhost:3001/_next/static/chunks/node_modules_next_dist_1e8vcs8._.js:776
[  166085ms] [LOG] [Fast Refresh] done in 1496ms @ http://localhost:3001/_next/static/chunks/node_modules_next_dist_1e8vcs8._.js:776
[  166099ms] [WARNING] The resource http://localhost:3001/_next/static/chunks/%5Broot-of-the-server%5D__0lthcoq._.css was preloaded using link preload but not used within a few seconds from the window's load event. Please make sure it has an appropriate `as` value and it is preloaded intentionally. @ http://localhost:3001/pt/datastories/portugal-2030/projetos-do-portugal-2030:0
[  166161ms] [LOG] [Fast Refresh] done in 1496ms @ http://localhost:3001/_next/static/chunks/node_modules_next_dist_1e8vcs8._.js:776
[  166223ms] [LOG] [Fast Refresh] done in 1496ms @ http://localhost:3001/_next/static/chunks/node_modules_next_dist_1e8vcs8._.js:776
[  166285ms] [LOG] [Fast Refresh] done in 1496ms @ http://localhost:3001/_next/static/chunks/node_modules_next_dist_1e8vcs8._.js:776
[  166348ms] [LOG] [Fast Refresh] done in 1496ms @ http://localhost:3001/_next/static/chunks/node_modules_next_dist_1e8vcs8._.js:776
[  166409ms] [LOG] [Fast Refresh] done in 1496ms @ http://localhost:3001/_next/static/chunks/node_modules_next_dist_1e8vcs8._.js:776
[  166471ms] [LOG] [Fast Refresh] done in 1496ms @ http://localhost:3001/_next/static/chunks/node_modules_next_dist_1e8vcs8._.js:776
[  166535ms] [LOG] [Fast Refresh] done in 1496ms @ http://localhost:3001/_next/static/chunks/node_modules_next_dist_1e8vcs8._.js:776
[  166595ms] [LOG] [Fast Refresh] done in 1496ms @ http://localhost:3001/_next/static/chunks/node_modules_next_dist_1e8vcs8._.js:776
[  166659ms] [LOG] [Fast Refresh] done in 1496ms @ http://localhost:3001/_next/static/chunks/node_modules_next_dist_1e8vcs8._.js:776
[  166720ms] [LOG] [Fast Refresh] done in 1496ms @ http://localhost:3001/_next/static/chunks/node_modules_next_dist_1e8vcs8._.js:776
[  166784ms] [LOG] [Fast Refresh] done in 1496ms @ http://localhost:3001/_next/static/chunks/node_modules_next_dist_1e8vcs8._.js:776
[  166848ms] [LOG] [Fast Refresh] done in 1496ms @ http://localhost:3001/_next/static/chunks/node_modules_next_dist_1e8vcs8._.js:776
[  166910ms] [LOG] [Fast Refresh] done in 1496ms @ http://localhost:3001/_next/static/chunks/node_modules_next_dist_1e8vcs8._.js:776
[  166973ms] [LOG] [Fast Refresh] done in 1496ms @ http://localhost:3001/_next/static/chunks/node_modules_next_dist_1e8vcs8._.js:776
[  167035ms] [LOG] [Fast Refresh] done in 1496ms @ http://localhost:3001/_next/static/chunks/node_modules_next_dist_1e8vcs8._.js:776
[  167098ms] [LOG] [Fast Refresh] done in 1496ms @ http://localhost:3001/_next/static/chunks/node_modules_next_dist_1e8vcs8._.js:776
[  167158ms] [LOG] [Fast Refresh] done in 1496ms @ http://localhost:3001/_next/static/chunks/node_modules_next_dist_1e8vcs8._.js:776
[  167220ms] [LOG] [Fast Refresh] done in 1496ms @ http://localhost:3001/_next/static/chunks/node_modules_next_dist_1e8vcs8._.js:776
[  167284ms] [LOG] [Fast Refresh] done in 1496ms @ http://localhost:3001/_next/static/chunks/node_modules_next_dist_1e8vcs8._.js:776
[  167346ms] [LOG] [Fast Refresh] done in 1496ms @ http://localhost:3001/_next/static/chunks/node_modules_next_dist_1e8vcs8._.js:776
[  167410ms] [LOG] [Fast Refresh] done in 1496ms @ http://localhost:3001/_next/static/chunks/node_modules_next_dist_1e8vcs8._.js:776
[  167471ms] [LOG] [Fast Refresh] done in 1496ms @ http://localhost:3001/_next/static/chunks/node_modules_next_dist_1e8vcs8._.js:776
[  167534ms] [LOG] [Fast Refresh] done in 1496ms @ http://localhost:3001/_next/static/chunks/node_modules_next_dist_1e8vcs8._.js:776
[  167596ms] [LOG] [Fast Refresh] done in 1496ms @ http://localhost:3001/_next/static/chunks/node_modules_next_dist_1e8vcs8._.js:776
[  167659ms] [LOG] [Fast Refresh] done in 1496ms @ http://localhost:3001/_next/static/chunks/node_modules_next_dist_1e8vcs8._.js:776
[  167722ms] [LOG] [Fast Refresh] done in 1496ms @ http://localhost:3001/_next/static/chunks/node_modules_next_dist_1e8vcs8._.js:776
[  167784ms] [LOG] [Fast Refresh] done in 1496ms @ http://localhost:3001/_next/static/chunks/node_modules_next_dist_1e8vcs8._.js:776
[  167846ms] [LOG] [Fast Refresh] done in 1496ms @ http://localhost:3001/_next/static/chunks/node_modules_next_dist_1e8vcs8._.js:776
[  167907ms] [LOG] [Fast Refresh] done in 1496ms @ http://localhost:3001/_next/static/chunks/node_modules_next_dist_1e8vcs8._.js:776
[  167971ms] [LOG] [Fast Refresh] done in 1496ms @ http://localhost:3001/_next/static/chunks/node_modules_next_dist_1e8vcs8._.js:776
[  168032ms] [LOG] [Fast Refresh] done in 1496ms @ http://localhost:3001/_next/static/chunks/node_modules_next_dist_1e8vcs8._.js:776
[  168095ms] [LOG] [Fast Refresh] done in 1496ms @ http://localhost:3001/_next/static/chunks/node_modules_next_dist_1e8vcs8._.js:776
[  168158ms] [LOG] [Fast Refresh] done in 1496ms @ http://localhost:3001/_next/static/chunks/node_modules_next_dist_1e8vcs8._.js:776
[  168219ms] [LOG] [Fast Refresh] done in 1496ms @ http://localhost:3001/_next/static/chunks/node_modules_next_dist_1e8vcs8._.js:776
[  168282ms] [LOG] [Fast Refresh] done in 1496ms @ http://localhost:3001/_next/static/chunks/node_modules_next_dist_1e8vcs8._.js:776
[  168344ms] [LOG] [Fast Refresh] done in 1496ms @ http://localhost:3001/_next/static/chunks/node_modules_next_dist_1e8vcs8._.js:776
[  168406ms] [LOG] [Fast Refresh] done in 1496ms @ http://localhost:3001/_next/static/chunks/node_modules_next_dist_1e8vcs8._.js:776
[  168468ms] [LOG] [Fast Refresh] done in 1496ms @ http://localhost:3001/_next/static/chunks/node_modules_next_dist_1e8vcs8._.js:776
[  168529ms] [LOG] [Fast Refresh] done in 1496ms @ http://localhost:3001/_next/static/chunks/node_modules_next_dist_1e8vcs8._.js:776
[  168591ms] [LOG] [Fast Refresh] done in 1496ms @ http://localhost:3001/_next/static/chunks/node_modules_next_dist_1e8vcs8._.js:776
[  168654ms] [LOG] [Fast Refresh] done in 1496ms @ http://localhost:3001/_next/static/chunks/node_modules_next_dist_1e8vcs8._.js:776
[  168715ms] [LOG] [Fast Refresh] done in 1496ms @ http://localhost:3001/_next/static/chunks/node_modules_next_dist_1e8vcs8._.js:776
[  168777ms] [LOG] [Fast Refresh] done in 1496ms @ http://localhost:3001/_next/static/chunks/node_modules_next_dist_1e8vcs8._.js:776
[  168840ms] [LOG] [Fast Refresh] done in 1496ms @ http://localhost:3001/_next/static/chunks/node_modules_next_dist_1e8vcs8._.js:776
[  168901ms] [LOG] [Fast Refresh] done in 1496ms @ http://localhost:3001/_next/static/chunks/node_modules_next_dist_1e8vcs8._.js:776
[  168964ms] [LOG] [Fast Refresh] done in 1496ms @ http://localhost:3001/_next/static/chunks/node_modules_next_dist_1e8vcs8._.js:776
[  169027ms] [LOG] [Fast Refresh] done in 1496ms @ http://localhost:3001/_next/static/chunks/node_modules_next_dist_1e8vcs8._.js:776
[  169089ms] [LOG] [Fast Refresh] done in 1496ms @ http://localhost:3001/_next/static/chunks/node_modules_next_dist_1e8vcs8._.js:776
[  169181ms] [LOG] [Fast Refresh] done in 1496ms @ http://localhost:3001/_next/static/chunks/node_modules_next_dist_1e8vcs8._.js:776
[  169259ms] [LOG] [Fast Refresh] done in 1496ms @ http://localhost:3001/_next/static/chunks/node_modules_next_dist_1e8vcs8._.js:776
[  169322ms] [LOG] [Fast Refresh] done in 1496ms @ http://localhost:3001/_next/static/chunks/node_modules_next_dist_1e8vcs8._.js:776
[  169385ms] [LOG] [Fast Refresh] done in 1496ms @ http://localhost:3001/_next/static/chunks/node_modules_next_dist_1e8vcs8._.js:776
[  169446ms] [LOG] [Fast Refresh] done in 1496ms @ http://localhost:3001/_next/static/chunks/node_modules_next_dist_1e8vcs8._.js:776
[  169508ms] [LOG] [Fast Refresh] done in 1496ms @ http://localhost:3001/_next/static/chunks/node_modules_next_dist_1e8vcs8._.js:776
[  169570ms] [LOG] [Fast Refresh] done in 1496ms @ http://localhost:3001/_next/static/chunks/node_modules_next_dist_1e8vcs8._.js:776
[  169632ms] [LOG] [Fast Refresh] done in 1496ms @ http://localhost:3001/_next/static/chunks/node_modules_next_dist_1e8vcs8._.js:776
[  169696ms] [LOG] [Fast Refresh] done in 1496ms @ http://localhost:3001/_next/static/chunks/node_modules_next_dist_1e8vcs8._.js:776
[  169757ms] [LOG] [Fast Refresh] done in 1496ms @ http://localhost:3001/_next/static/chunks/node_modules_next_dist_1e8vcs8._.js:776
[  169820ms] [LOG] [Fast Refresh] done in 1496ms @ http://localhost:3001/_next/static/chunks/node_modules_next_dist_1e8vcs8._.js:776
[  169883ms] [LOG] [Fast Refresh] done in 1496ms @ http://localhost:3001/_next/static/chunks/node_modules_next_dist_1e8vcs8._.js:776
[  169944ms] [LOG] [Fast Refresh] done in 1496ms @ http://localhost:3001/_next/static/chunks/node_modules_next_dist_1e8vcs8._.js:776
[  170007ms] [LOG] [Fast Refresh] done in 1496ms @ http://localhost:3001/_next/static/chunks/node_modules_next_dist_1e8vcs8._.js:776
[  170069ms] [LOG] [Fast Refresh] done in 1496ms @ http://localhost:3001/_next/static/chunks/node_modules_next_dist_1e8vcs8._.js:776
[  170131ms] [LOG] [Fast Refresh] done in 1496ms @ http://localhost:3001/_next/static/chunks/node_modules_next_dist_1e8vcs8._.js:776
[  170192ms] [LOG] [Fast Refresh] done in 1496ms @ http://localhost:3001/_next/static/chunks/node_modules_next_dist_1e8vcs8._.js:776
[  170255ms] [LOG] [Fast Refresh] done in 1496ms @ http://localhost:3001/_next/static/chunks/node_modules_next_dist_1e8vcs8._.js:776
[  170317ms] [LOG] [Fast Refresh] done in 1496ms @ http://localhost:3001/_next/static/chunks/node_modules_next_dist_1e8vcs8._.js:776
[  170380ms] [LOG] [Fast Refresh] done in 1496ms @ http://localhost:3001/_next/static/chunks/node_modules_next_dist_1e8vcs8._.js:776
[  170442ms] [LOG] [Fast Refresh] done in 1496ms @ http://localhost:3001/_next/static/chunks/node_modules_next_dist_1e8vcs8._.js:776
[  170535ms] [LOG] [Fast Refresh] done in 1496ms @ http://localhost:3001/_next/static/chunks/node_modules_next_dist_1e8vcs8._.js:776
[  170597ms] [LOG] [Fast Refresh] done in 1496ms @ http://localhost:3001/_next/static/chunks/node_modules_next_dist_1e8vcs8._.js:776
[  170658ms] [LOG] [Fast Refresh] done in 1496ms @ http://localhost:3001/_next/static/chunks/node_modules_next_dist_1e8vcs8._.js:776
[  170721ms] [LOG] [Fast Refresh] done in 1496ms @ http://localhost:3001/_next/static/chunks/node_modules_next_dist_1e8vcs8._.js:776
[  170783ms] [LOG] [Fast Refresh] done in 1496ms @ http://localhost:3001/_next/static/chunks/node_modules_next_dist_1e8vcs8._.js:776
[  170845ms] [LOG] [Fast Refresh] done in 1496ms @ http://localhost:3001/_next/static/chunks/node_modules_next_dist_1e8vcs8._.js:776
[  170906ms] [LOG] [Fast Refresh] done in 1496ms @ http://localhost:3001/_next/static/chunks/node_modules_next_dist_1e8vcs8._.js:776
[  170968ms] [LOG] [Fast Refresh] done in 1496ms @ http://localhost:3001/_next/static/chunks/node_modules_next_dist_1e8vcs8._.js:776
[  171030ms] [LOG] [Fast Refresh] done in 1496ms @ http://localhost:3001/_next/static/chunks/node_modules_next_dist_1e8vcs8._.js:776
[  171093ms] [LOG] [Fast Refresh] done in 1496ms @ http://localhost:3001/_next/static/chunks/node_modules_next_dist_1e8vcs8._.js:776
[  171156ms] [LOG] [Fast Refresh] done in 1496ms @ http://localhost:3001/_next/static/chunks/node_modules_next_dist_1e8vcs8._.js:776
[  171216ms] [LOG] [Fast Refresh] done in 1496ms @ http://localhost:3001/_next/static/chunks/node_modules_next_dist_1e8vcs8._.js:776
[  171279ms] [LOG] [Fast Refresh] done in 1496ms @ http://localhost:3001/_next/static/chunks/node_modules_next_dist_1e8vcs8._.js:776
[  171342ms] [LOG] [Fast Refresh] done in 1496ms @ http://localhost:3001/_next/static/chunks/node_modules_next_dist_1e8vcs8._.js:776
[  171403ms] [LOG] [Fast Refresh] done in 1496ms @ http://localhost:3001/_next/static/chunks/node_modules_next_dist_1e8vcs8._.js:776
[  171466ms] [LOG] [Fast Refresh] done in 1496ms @ http://localhost:3001/_next/static/chunks/node_modules_next_dist_1e8vcs8._.js:776
[  171528ms] [LOG] [Fast Refresh] done in 1496ms @ http://localhost:3001/_next/static/chunks/node_modules_next_dist_1e8vcs8._.js:776
[  171591ms] [LOG] [Fast Refresh] done in 1496ms @ http://localhost:3001/_next/static/chunks/node_modules_next_dist_1e8vcs8._.js:776
[  171654ms] [LOG] [Fast Refresh] done in 1496ms @ http://localhost:3001/_next/static/chunks/node_modules_next_dist_1e8vcs8._.js:776
[  171717ms] [LOG] [Fast Refresh] done in 1496ms @ http://localhost:3001/_next/static/chunks/node_modules_next_dist_1e8vcs8._.js:776
[  171780ms] [LOG] [Fast Refresh] done in 1496ms @ http://localhost:3001/_next/static/chunks/node_modules_next_dist_1e8vcs8._.js:776
[  171842ms] [LOG] [Fast Refresh] done in 1496ms @ http://localhost:3001/_next/static/chunks/node_modules_next_dist_1e8vcs8._.js:776
[  171904ms] [LOG] [Fast Refresh] done in 1496ms @ http://localhost:3001/_next/static/chunks/node_modules_next_dist_1e8vcs8._.js:776
[  171966ms] [LOG] [Fast Refresh] done in 1496ms @ http://localhost:3001/_next/static/chunks/node_modules_next_dist_1e8vcs8._.js:776
[  172030ms] [LOG] [Fast Refresh] done in 1496ms @ http://localhost:3001/_next/static/chunks/node_modules_next_dist_1e8vcs8._.js:776
[  172093ms] [LOG] [Fast Refresh] done in 1496ms @ http://localhost:3001/_next/static/chunks/node_modules_next_dist_1e8vcs8._.js:776
[  172155ms] [LOG] [Fast Refresh] done in 1496ms @ http://localhost:3001/_next/static/chunks/node_modules_next_dist_1e8vcs8._.js:776
[  172217ms] [LOG] [Fast Refresh] done in 1496ms @ http://localhost:3001/_next/static/chunks/node_modules_next_dist_1e8vcs8._.js:776
[  172280ms] [LOG] [Fast Refresh] done in 1496ms @ http://localhost:3001/_next/static/chunks/node_modules_next_dist_1e8vcs8._.js:776
[  172341ms] [LOG] [Fast Refresh] done in 1496ms @ http://localhost:3001/_next/static/chunks/node_modules_next_dist_1e8vcs8._.js:776
[  172403ms] [LOG] [Fast Refresh] done in 1496ms @ http://localhost:3001/_next/static/chunks/node_modules_next_dist_1e8vcs8._.js:776
[  172466ms] [LOG] [Fast Refresh] done in 1496ms @ http://localhost:3001/_next/static/chunks/node_modules_next_dist_1e8vcs8._.js:776
[  172529ms] [LOG] [Fast Refresh] done in 1496ms @ http://localhost:3001/_next/static/chunks/node_modules_next_dist_1e8vcs8._.js:776
[  172592ms] [LOG] [Fast Refresh] done in 1496ms @ http://localhost:3001/_next/static/chunks/node_modules_next_dist_1e8vcs8._.js:776
[  172656ms] [LOG] [Fast Refresh] done in 1496ms @ http://localhost:3001/_next/static/chunks/node_modules_next_dist_1e8vcs8._.js:776
[  172717ms] [LOG] [Fast Refresh] done in 1496ms @ http://localhost:3001/_next/static/chunks/node_modules_next_dist_1e8vcs8._.js:776
[  172778ms] [LOG] [Fast Refresh] done in 1496ms @ http://localhost:3001/_next/static/chunks/node_modules_next_dist_1e8vcs8._.js:776
[  172840ms] [LOG] [Fast Refresh] done in 1496ms @ http://localhost:3001/_next/static/chunks/node_modules_next_dist_1e8vcs8._.js:776
[  172902ms] [LOG] [Fast Refresh] done in 1496ms @ http://localhost:3001/_next/static/chunks/node_modules_next_dist_1e8vcs8._.js:776
[  172963ms] [LOG] [Fast Refresh] done in 1496ms @ http://localhost:3001/_next/static/chunks/node_modules_next_dist_1e8vcs8._.js:776
[  173027ms] [LOG] [Fast Refresh] done in 1496ms @ http://localhost:3001/_next/static/chunks/node_modules_next_dist_1e8vcs8._.js:776
[  173090ms] [LOG] [Fast Refresh] done in 1496ms @ http://localhost:3001/_next/static/chunks/node_modules_next_dist_1e8vcs8._.js:776
[  173151ms] [LOG] [Fast Refresh] done in 1496ms @ http://localhost:3001/_next/static/chunks/node_modules_next_dist_1e8vcs8._.js:776
[  173213ms] [LOG] [Fast Refresh] done in 1496ms @ http://localhost:3001/_next/static/chunks/node_modules_next_dist_1e8vcs8._.js:776
[  173274ms] [LOG] [Fast Refresh] done in 1496ms @ http://localhost:3001/_next/static/chunks/node_modules_next_dist_1e8vcs8._.js:776
[  173336ms] [LOG] [Fast Refresh] done in 1496ms @ http://localhost:3001/_next/static/chunks/node_modules_next_dist_1e8vcs8._.js:776
[  173401ms] [LOG] [Fast Refresh] done in 1496ms @ http://localhost:3001/_next/static/chunks/node_modules_next_dist_1e8vcs8._.js:776
[  173462ms] [LOG] [Fast Refresh] done in 1496ms @ http://localhost:3001/_next/static/chunks/node_modules_next_dist_1e8vcs8._.js:776
[  173525ms] [LOG] [Fast Refresh] done in 1496ms @ http://localhost:3001/_next/static/chunks/node_modules_next_dist_1e8vcs8._.js:776
[  173589ms] [LOG] [Fast Refresh] done in 1496ms @ http://localhost:3001/_next/static/chunks/node_modules_next_dist_1e8vcs8._.js:776
[  173652ms] [LOG] [Fast Refresh] done in 1496ms @ http://localhost:3001/_next/static/chunks/node_modules_next_dist_1e8vcs8._.js:776
[  173714ms] [LOG] [Fast Refresh] done in 1496ms @ http://localhost:3001/_next/static/chunks/node_modules_next_dist_1e8vcs8._.js:776
[  173776ms] [LOG] [Fast Refresh] done in 1496ms @ http://localhost:3001/_next/static/chunks/node_modules_next_dist_1e8vcs8._.js:776
[  173838ms] [LOG] [Fast Refresh] done in 1496ms @ http://localhost:3001/_next/static/chunks/node_modules_next_dist_1e8vcs8._.js:776
[  173902ms] [LOG] [Fast Refresh] done in 1496ms @ http://localhost:3001/_next/static/chunks/node_modules_next_dist_1e8vcs8._.js:776
[  173964ms] [LOG] [Fast Refresh] done in 1496ms @ http://localhost:3001/_next/static/chunks/node_modules_next_dist_1e8vcs8._.js:776
[  174026ms] [LOG] [Fast Refresh] done in 1496ms @ http://localhost:3001/_next/static/chunks/node_modules_next_dist_1e8vcs8._.js:776
[  174088ms] [LOG] [Fast Refresh] done in 1496ms @ http://localhost:3001/_next/static/chunks/node_modules_next_dist_1e8vcs8._.js:776
[  174181ms] [LOG] [Fast Refresh] done in 1496ms @ http://localhost:3001/_next/static/chunks/node_modules_next_dist_1e8vcs8._.js:776
[  174259ms] [LOG] [Fast Refresh] done in 1496ms @ http://localhost:3001/_next/static/chunks/node_modules_next_dist_1e8vcs8._.js:776
[  174321ms] [LOG] [Fast Refresh] done in 1496ms @ http://localhost:3001/_next/static/chunks/node_modules_next_dist_1e8vcs8._.js:776
[  174393ms] [LOG] [Fast Refresh] done in 1496ms @ http://localhost:3001/_next/static/chunks/node_modules_next_dist_1e8vcs8._.js:776
[  174459ms] [LOG] [Fast Refresh] done in 1496ms @ http://localhost:3001/_next/static/chunks/node_modules_next_dist_1e8vcs8._.js:776
[  174521ms] [LOG] [Fast Refresh] done in 1496ms @ http://localhost:3001/_next/static/chunks/node_modules_next_dist_1e8vcs8._.js:776
[  174585ms] [LOG] [Fast Refresh] done in 1496ms @ http://localhost:3001/_next/static/chunks/node_modules_next_dist_1e8vcs8._.js:776
[  174648ms] [LOG] [Fast Refresh] done in 1496ms @ http://localhost:3001/_next/static/chunks/node_modules_next_dist_1e8vcs8._.js:776
[  174711ms] [LOG] [Fast Refresh] done in 1496ms @ http://localhost:3001/_next/static/chunks/node_modules_next_dist_1e8vcs8._.js:776
[  174794ms] [LOG] [Fast Refresh] done in 1496ms @ http://localhost:3001/_next/static/chunks/node_modules_next_dist_1e8vcs8._.js:776
[  174850ms] [LOG] [Fast Refresh] done in 1496ms @ http://localhost:3001/_next/static/chunks/node_modules_next_dist_1e8vcs8._.js:776
[  174912ms] [LOG] [Fast Refresh] done in 1496ms @ http://localhost:3001/_next/static/chunks/node_modules_next_dist_1e8vcs8._.js:776
[  174974ms] [LOG] [Fast Refresh] done in 1496ms @ http://localhost:3001/_next/static/chunks/node_modules_next_dist_1e8vcs8._.js:776
[  175038ms] [LOG] [Fast Refresh] done in 1496ms @ http://localhost:3001/_next/static/chunks/node_modules_next_dist_1e8vcs8._.js:776
[  175101ms] [LOG] [Fast Refresh] done in 1496ms @ http://localhost:3001/_next/static/chunks/node_modules_next_dist_1e8vcs8._.js:776
[  175164ms] [LOG] [Fast Refresh] done in 1496ms @ http://localhost:3001/_next/static/chunks/node_modules_next_dist_1e8vcs8._.js:776
[  175227ms] [LOG] [Fast Refresh] done in 1496ms @ http://localhost:3001/_next/static/chunks/node_modules_next_dist_1e8vcs8._.js:776
[  175288ms] [LOG] [Fast Refresh] done in 1496ms @ http://localhost:3001/_next/static/chunks/node_modules_next_dist_1e8vcs8._.js:776
[  175350ms] [LOG] [Fast Refresh] done in 1496ms @ http://localhost:3001/_next/static/chunks/node_modules_next_dist_1e8vcs8._.js:776
[  175411ms] [LOG] [Fast Refresh] done in 1496ms @ http://localhost:3001/_next/static/chunks/node_modules_next_dist_1e8vcs8._.js:776
[  175473ms] [LOG] [Fast Refresh] done in 1496ms @ http://localhost:3001/_next/static/chunks/node_modules_next_dist_1e8vcs8._.js:776
[  175537ms] [LOG] [Fast Refresh] done in 1496ms @ http://localhost:3001/_next/static/chunks/node_modules_next_dist_1e8vcs8._.js:776
[  175600ms] [LOG] [Fast Refresh] done in 1496ms @ http://localhost:3001/_next/static/chunks/node_modules_next_dist_1e8vcs8._.js:776
[  175663ms] [LOG] [Fast Refresh] done in 1496ms @ http://localhost:3001/_next/static/chunks/node_modules_next_dist_1e8vcs8._.js:776
[  175725ms] [LOG] [Fast Refresh] done in 1496ms @ http://localhost:3001/_next/static/chunks/node_modules_next_dist_1e8vcs8._.js:776
[  175787ms] [LOG] [Fast Refresh] done in 1496ms @ http://localhost:3001/_next/static/chunks/node_modules_next_dist_1e8vcs8._.js:776
[  175851ms] [LOG] [Fast Refresh] done in 1496ms @ http://localhost:3001/_next/static/chunks/node_modules_next_dist_1e8vcs8._.js:776
[  175913ms] [LOG] [Fast Refresh] done in 1496ms @ http://localhost:3001/_next/static/chunks/node_modules_next_dist_1e8vcs8._.js:776
[  175976ms] [LOG] [Fast Refresh] done in 1496ms @ http://localhost:3001/_next/static/chunks/node_modules_next_dist_1e8vcs8._.js:776
[  176038ms] [LOG] [Fast Refresh] done in 1496ms @ http://localhost:3001/_next/static/chunks/node_modules_next_dist_1e8vcs8._.js:776
[  176100ms] [LOG] [Fast Refresh] done in 1496ms @ http://localhost:3001/_next/static/chunks/node_modules_next_dist_1e8vcs8._.js:776
[  176164ms] [LOG] [Fast Refresh] done in 1496ms @ http://localhost:3001/_next/static/chunks/node_modules_next_dist_1e8vcs8._.js:776
[  176226ms] [LOG] [Fast Refresh] done in 1496ms @ http://localhost:3001/_next/static/chunks/node_modules_next_dist_1e8vcs8._.js:776
[  176287ms] [LOG] [Fast Refresh] done in 1496ms @ http://localhost:3001/_next/static/chunks/node_modules_next_dist_1e8vcs8._.js:776
[  176349ms] [LOG] [Fast Refresh] done in 1496ms @ http://localhost:3001/_next/static/chunks/node_modules_next_dist_1e8vcs8._.js:776
[  176411ms] [LOG] [Fast Refresh] done in 1496ms @ http://localhost:3001/_next/static/chunks/node_modules_next_dist_1e8vcs8._.js:776
[  176473ms] [LOG] [Fast Refresh] done in 1496ms @ http://localhost:3001/_next/static/chunks/node_modules_next_dist_1e8vcs8._.js:776
[  176535ms] [LOG] [Fast Refresh] done in 1496ms @ http://localhost:3001/_next/static/chunks/node_modules_next_dist_1e8vcs8._.js:776
[  176597ms] [LOG] [Fast Refresh] done in 1496ms @ http://localhost:3001/_next/static/chunks/node_modules_next_dist_1e8vcs8._.js:776
[  176660ms] [LOG] [Fast Refresh] done in 1496ms @ http://localhost:3001/_next/static/chunks/node_modules_next_dist_1e8vcs8._.js:776
[  176722ms] [LOG] [Fast Refresh] done in 1496ms @ http://localhost:3001/_next/static/chunks/node_modules_next_dist_1e8vcs8._.js:776
[  176783ms] [LOG] [Fast Refresh] done in 1496ms @ http://localhost:3001/_next/static/chunks/node_modules_next_dist_1e8vcs8._.js:776
[  176846ms] [LOG] [Fast Refresh] done in 1496ms @ http://localhost:3001/_next/static/chunks/node_modules_next_dist_1e8vcs8._.js:776
[  176908ms] [LOG] [Fast Refresh] done in 1496ms @ http://localhost:3001/_next/static/chunks/node_modules_next_dist_1e8vcs8._.js:776
[  176970ms] [LOG] [Fast Refresh] done in 1496ms @ http://localhost:3001/_next/static/chunks/node_modules_next_dist_1e8vcs8._.js:776
[  177033ms] [LOG] [Fast Refresh] done in 1496ms @ http://localhost:3001/_next/static/chunks/node_modules_next_dist_1e8vcs8._.js:776
[  177096ms] [LOG] [Fast Refresh] done in 1496ms @ http://localhost:3001/_next/static/chunks/node_modules_next_dist_1e8vcs8._.js:776
[  177158ms] [LOG] [Fast Refresh] done in 1496ms @ http://localhost:3001/_next/static/chunks/node_modules_next_dist_1e8vcs8._.js:776
[  177220ms] [LOG] [Fast Refresh] done in 1496ms @ http://localhost:3001/_next/static/chunks/node_modules_next_dist_1e8vcs8._.js:776
[  177282ms] [LOG] [Fast Refresh] done in 1496ms @ http://localhost:3001/_next/static/chunks/node_modules_next_dist_1e8vcs8._.js:776
[  177343ms] [LOG] [Fast Refresh] done in 1496ms @ http://localhost:3001/_next/static/chunks/node_modules_next_dist_1e8vcs8._.js:776
[  177405ms] [LOG] [Fast Refresh] done in 1496ms @ http://localhost:3001/_next/static/chunks/node_modules_next_dist_1e8vcs8._.js:776
[  177465ms] [LOG] [Fast Refresh] done in 1496ms @ http://localhost:3001/_next/static/chunks/node_modules_next_dist_1e8vcs8._.js:776
[  177529ms] [LOG] [Fast Refresh] done in 1496ms @ http://localhost:3001/_next/static/chunks/node_modules_next_dist_1e8vcs8._.js:776
[  177591ms] [LOG] [Fast Refresh] done in 1496ms @ http://localhost:3001/_next/static/chunks/node_modules_next_dist_1e8vcs8._.js:776
[  177653ms] [LOG] [Fast Refresh] done in 1496ms @ http://localhost:3001/_next/static/chunks/node_modules_next_dist_1e8vcs8._.js:776
[  177715ms] [LOG] [Fast Refresh] done in 1496ms @ http://localhost:3001/_next/static/chunks/node_modules_next_dist_1e8vcs8._.js:776
[  177776ms] [LOG] [Fast Refresh] done in 1496ms @ http://localhost:3001/_next/static/chunks/node_modules_next_dist_1e8vcs8._.js:776
[  177840ms] [LOG] [Fast Refresh] done in 1496ms @ http://localhost:3001/_next/static/chunks/node_modules_next_dist_1e8vcs8._.js:776
[  177902ms] [LOG] [Fast Refresh] done in 1496ms @ http://localhost:3001/_next/static/chunks/node_modules_next_dist_1e8vcs8._.js:776
[  177964ms] [LOG] [Fast Refresh] done in 1496ms @ http://localhost:3001/_next/static/chunks/node_modules_next_dist_1e8vcs8._.js:776
[  178027ms] [LOG] [Fast Refresh] done in 1496ms @ http://localhost:3001/_next/static/chunks/node_modules_next_dist_1e8vcs8._.js:776
[  178088ms] [LOG] [Fast Refresh] done in 1496ms @ http://localhost:3001/_next/static/chunks/node_modules_next_dist_1e8vcs8._.js:776
[  178151ms] [LOG] [Fast Refresh] done in 1496ms @ http://localhost:3001/_next/static/chunks/node_modules_next_dist_1e8vcs8._.js:776
[  178213ms] [LOG] [Fast Refresh] done in 1496ms @ http://localhost:3001/_next/static/chunks/node_modules_next_dist_1e8vcs8._.js:776
[  178276ms] [LOG] [Fast Refresh] done in 1496ms @ http://localhost:3001/_next/static/chunks/node_modules_next_dist_1e8vcs8._.js:776
[  178339ms] [LOG] [Fast Refresh] done in 1496ms @ http://localhost:3001/_next/static/chunks/node_modules_next_dist_1e8vcs8._.js:776
[  178401ms] [LOG] [Fast Refresh] done in 1496ms @ http://localhost:3001/_next/static/chunks/node_modules_next_dist_1e8vcs8._.js:776
[  178463ms] [LOG] [Fast Refresh] done in 1496ms @ http://localhost:3001/_next/static/chunks/node_modules_next_dist_1e8vcs8._.js:776
[  178525ms] [LOG] [Fast Refresh] done in 1496ms @ http://localhost:3001/_next/static/chunks/node_modules_next_dist_1e8vcs8._.js:776
[  178588ms] [LOG] [Fast Refresh] done in 1496ms @ http://localhost:3001/_next/static/chunks/node_modules_next_dist_1e8vcs8._.js:776
[  178651ms] [LOG] [Fast Refresh] done in 1496ms @ http://localhost:3001/_next/static/chunks/node_modules_next_dist_1e8vcs8._.js:776
[  178713ms] [LOG] [Fast Refresh] done in 1496ms @ http://localhost:3001/_next/static/chunks/node_modules_next_dist_1e8vcs8._.js:776
[  178777ms] [LOG] [Fast Refresh] done in 1496ms @ http://localhost:3001/_next/static/chunks/node_modules_next_dist_1e8vcs8._.js:776
[  178838ms] [LOG] [Fast Refresh] done in 1496ms @ http://localhost:3001/_next/static/chunks/node_modules_next_dist_1e8vcs8._.js:776
[  178900ms] [LOG] [Fast Refresh] done in 1496ms @ http://localhost:3001/_next/static/chunks/node_modules_next_dist_1e8vcs8._.js:776
[  178962ms] [LOG] [Fast Refresh] done in 1496ms @ http://localhost:3001/_next/static/chunks/node_modules_next_dist_1e8vcs8._.js:776
[  179025ms] [LOG] [Fast Refresh] done in 1496ms @ http://localhost:3001/_next/static/chunks/node_modules_next_dist_1e8vcs8._.js:776
[  179088ms] [LOG] [Fast Refresh] done in 1496ms @ http://localhost:3001/_next/static/chunks/node_modules_next_dist_1e8vcs8._.js:776
[  179150ms] [LOG] [Fast Refresh] done in 1496ms @ http://localhost:3001/_next/static/chunks/node_modules_next_dist_1e8vcs8._.js:776
[  179213ms] [LOG] [Fast Refresh] done in 1496ms @ http://localhost:3001/_next/static/chunks/node_modules_next_dist_1e8vcs8._.js:776
[  179276ms] [LOG] [Fast Refresh] done in 1496ms @ http://localhost:3001/_next/static/chunks/node_modules_next_dist_1e8vcs8._.js:776
[  179339ms] [LOG] [Fast Refresh] done in 1496ms @ http://localhost:3001/_next/static/chunks/node_modules_next_dist_1e8vcs8._.js:776
[  179619ms] [LOG] [Fast Refresh] rebuilding @ http://localhost:3001/_next/static/chunks/node_modules_next_dist_1e8vcs8._.js:776
[  180771ms] [LOG] [Fast Refresh] done in 913ms @ http://localhost:3001/_next/static/chunks/node_modules_next_dist_1e8vcs8._.js:776
[  180880ms] [LOG] [Fast Refresh] done in 913ms @ http://localhost:3001/_next/static/chunks/node_modules_next_dist_1e8vcs8._.js:776
[  181059ms] [LOG] [Fast Refresh] done in 913ms @ http://localhost:3001/_next/static/chunks/node_modules_next_dist_1e8vcs8._.js:776
[  181119ms] [LOG] [Fast Refresh] done in 913ms @ http://localhost:3001/_next/static/chunks/node_modules_next_dist_1e8vcs8._.js:776
[  181190ms] [LOG] [Fast Refresh] done in 913ms @ http://localhost:3001/_next/static/chunks/node_modules_next_dist_1e8vcs8._.js:776
[  181269ms] [LOG] [Fast Refresh] done in 913ms @ http://localhost:3001/_next/static/chunks/node_modules_next_dist_1e8vcs8._.js:776
[  181334ms] [LOG] [Fast Refresh] done in 913ms @ http://localhost:3001/_next/static/chunks/node_modules_next_dist_1e8vcs8._.js:776
[  181398ms] [LOG] [Fast Refresh] done in 913ms @ http://localhost:3001/_next/static/chunks/node_modules_next_dist_1e8vcs8._.js:776
[  181473ms] [LOG] [Fast Refresh] done in 913ms @ http://localhost:3001/_next/static/chunks/node_modules_next_dist_1e8vcs8._.js:776
[  181554ms] [LOG] [Fast Refresh] done in 913ms @ http://localhost:3001/_next/static/chunks/node_modules_next_dist_1e8vcs8._.js:776
[  181612ms] [LOG] [Fast Refresh] done in 913ms @ http://localhost:3001/_next/static/chunks/node_modules_next_dist_1e8vcs8._.js:776
[  181672ms] [LOG] [Fast Refresh] done in 913ms @ http://localhost:3001/_next/static/chunks/node_modules_next_dist_1e8vcs8._.js:776
[  181736ms] [LOG] [Fast Refresh] done in 913ms @ http://localhost:3001/_next/static/chunks/node_modules_next_dist_1e8vcs8._.js:776
[  181804ms] [LOG] [Fast Refresh] done in 913ms @ http://localhost:3001/_next/static/chunks/node_modules_next_dist_1e8vcs8._.js:776
[  181860ms] [LOG] [Fast Refresh] done in 913ms @ http://localhost:3001/_next/static/chunks/node_modules_next_dist_1e8vcs8._.js:776
[  181921ms] [LOG] [Fast Refresh] done in 913ms @ http://localhost:3001/_next/static/chunks/node_modules_next_dist_1e8vcs8._.js:776
[  181986ms] [LOG] [Fast Refresh] done in 913ms @ http://localhost:3001/_next/static/chunks/node_modules_next_dist_1e8vcs8._.js:776
[  182047ms] [LOG] [Fast Refresh] done in 913ms @ http://localhost:3001/_next/static/chunks/node_modules_next_dist_1e8vcs8._.js:776
[  182109ms] [LOG] [Fast Refresh] done in 913ms @ http://localhost:3001/_next/static/chunks/node_modules_next_dist_1e8vcs8._.js:776
[  182172ms] [LOG] [Fast Refresh] done in 913ms @ http://localhost:3001/_next/static/chunks/node_modules_next_dist_1e8vcs8._.js:776
[  182234ms] [LOG] [Fast Refresh] done in 913ms @ http://localhost:3001/_next/static/chunks/node_modules_next_dist_1e8vcs8._.js:776
[  182297ms] [LOG] [Fast Refresh] done in 913ms @ http://localhost:3001/_next/static/chunks/node_modules_next_dist_1e8vcs8._.js:776
[  182358ms] [LOG] [Fast Refresh] done in 913ms @ http://localhost:3001/_next/static/chunks/node_modules_next_dist_1e8vcs8._.js:776
[  182420ms] [LOG] [Fast Refresh] done in 913ms @ http://localhost:3001/_next/static/chunks/node_modules_next_dist_1e8vcs8._.js:776
[  182484ms] [LOG] [Fast Refresh] done in 913ms @ http://localhost:3001/_next/static/chunks/node_modules_next_dist_1e8vcs8._.js:776
[  182546ms] [LOG] [Fast Refresh] done in 913ms @ http://localhost:3001/_next/static/chunks/node_modules_next_dist_1e8vcs8._.js:776
[  182609ms] [LOG] [Fast Refresh] done in 913ms @ http://localhost:3001/_next/static/chunks/node_modules_next_dist_1e8vcs8._.js:776
[  182671ms] [LOG] [Fast Refresh] done in 913ms @ http://localhost:3001/_next/static/chunks/node_modules_next_dist_1e8vcs8._.js:776
[  182734ms] [LOG] [Fast Refresh] done in 913ms @ http://localhost:3001/_next/static/chunks/node_modules_next_dist_1e8vcs8._.js:776
[  182796ms] [LOG] [Fast Refresh] done in 913ms @ http://localhost:3001/_next/static/chunks/node_modules_next_dist_1e8vcs8._.js:776
[  182859ms] [LOG] [Fast Refresh] done in 913ms @ http://localhost:3001/_next/static/chunks/node_modules_next_dist_1e8vcs8._.js:776
[  182921ms] [LOG] [Fast Refresh] done in 913ms @ http://localhost:3001/_next/static/chunks/node_modules_next_dist_1e8vcs8._.js:776
[  182984ms] [LOG] [Fast Refresh] done in 913ms @ http://localhost:3001/_next/static/chunks/node_modules_next_dist_1e8vcs8._.js:776
[  183047ms] [LOG] [Fast Refresh] done in 913ms @ http://localhost:3001/_next/static/chunks/node_modules_next_dist_1e8vcs8._.js:776
[  183109ms] [LOG] [Fast Refresh] done in 913ms @ http://localhost:3001/_next/static/chunks/node_modules_next_dist_1e8vcs8._.js:776
[  183170ms] [LOG] [Fast Refresh] done in 913ms @ http://localhost:3001/_next/static/chunks/node_modules_next_dist_1e8vcs8._.js:776
[  183233ms] [LOG] [Fast Refresh] done in 913ms @ http://localhost:3001/_next/static/chunks/node_modules_next_dist_1e8vcs8._.js:776
[  183296ms] [LOG] [Fast Refresh] done in 913ms @ http://localhost:3001/_next/static/chunks/node_modules_next_dist_1e8vcs8._.js:776
[  183358ms] [LOG] [Fast Refresh] done in 913ms @ http://localhost:3001/_next/static/chunks/node_modules_next_dist_1e8vcs8._.js:776
[  183418ms] [LOG] [Fast Refresh] done in 913ms @ http://localhost:3001/_next/static/chunks/node_modules_next_dist_1e8vcs8._.js:776
[  183481ms] [LOG] [Fast Refresh] done in 913ms @ http://localhost:3001/_next/static/chunks/node_modules_next_dist_1e8vcs8._.js:776
[  183543ms] [LOG] [Fast Refresh] done in 913ms @ http://localhost:3001/_next/static/chunks/node_modules_next_dist_1e8vcs8._.js:776
[  183606ms] [LOG] [Fast Refresh] done in 913ms @ http://localhost:3001/_next/static/chunks/node_modules_next_dist_1e8vcs8._.js:776
[  183668ms] [LOG] [Fast Refresh] done in 913ms @ http://localhost:3001/_next/static/chunks/node_modules_next_dist_1e8vcs8._.js:776
[  183731ms] [LOG] [Fast Refresh] done in 913ms @ http://localhost:3001/_next/static/chunks/node_modules_next_dist_1e8vcs8._.js:776
[  183794ms] [LOG] [Fast Refresh] done in 913ms @ http://localhost:3001/_next/static/chunks/node_modules_next_dist_1e8vcs8._.js:776
[  183856ms] [LOG] [Fast Refresh] done in 913ms @ http://localhost:3001/_next/static/chunks/node_modules_next_dist_1e8vcs8._.js:776
[  183917ms] [LOG] [Fast Refresh] done in 913ms @ http://localhost:3001/_next/static/chunks/node_modules_next_dist_1e8vcs8._.js:776
[  183978ms] [LOG] [Fast Refresh] done in 913ms @ http://localhost:3001/_next/static/chunks/node_modules_next_dist_1e8vcs8._.js:776
[  184041ms] [LOG] [Fast Refresh] done in 913ms @ http://localhost:3001/_next/static/chunks/node_modules_next_dist_1e8vcs8._.js:776
[  184103ms] [LOG] [Fast Refresh] done in 913ms @ http://localhost:3001/_next/static/chunks/node_modules_next_dist_1e8vcs8._.js:776
[  184163ms] [WARNING] The resource http://localhost:3001/_next/static/chunks/%5Broot-of-the-server%5D__0lthcoq._.css was preloaded using link preload but not used within a few seconds from the window's load event. Please make sure it has an appropriate `as` value and it is preloaded intentionally. @ http://localhost:3001/pt/datastories/portugal-2030/projetos-do-portugal-2030:0
[  184164ms] [LOG] [Fast Refresh] done in 913ms @ http://localhost:3001/_next/static/chunks/node_modules_next_dist_1e8vcs8._.js:776
[  184224ms] [LOG] [Fast Refresh] done in 913ms @ http://localhost:3001/_next/static/chunks/node_modules_next_dist_1e8vcs8._.js:776
[  184287ms] [LOG] [Fast Refresh] done in 913ms @ http://localhost:3001/_next/static/chunks/node_modules_next_dist_1e8vcs8._.js:776
[  184348ms] [LOG] [Fast Refresh] done in 913ms @ http://localhost:3001/_next/static/chunks/node_modules_next_dist_1e8vcs8._.js:776
[  184411ms] [LOG] [Fast Refresh] done in 913ms @ http://localhost:3001/_next/static/chunks/node_modules_next_dist_1e8vcs8._.js:776
[  184473ms] [LOG] [Fast Refresh] done in 913ms @ http://localhost:3001/_next/static/chunks/node_modules_next_dist_1e8vcs8._.js:776
[  184535ms] [LOG] [Fast Refresh] done in 913ms @ http://localhost:3001/_next/static/chunks/node_modules_next_dist_1e8vcs8._.js:776
[  184600ms] [LOG] [Fast Refresh] done in 913ms @ http://localhost:3001/_next/static/chunks/node_modules_next_dist_1e8vcs8._.js:776
[  184662ms] [LOG] [Fast Refresh] done in 913ms @ http://localhost:3001/_next/static/chunks/node_modules_next_dist_1e8vcs8._.js:776
[  184726ms] [LOG] [Fast Refresh] done in 913ms @ http://localhost:3001/_next/static/chunks/node_modules_next_dist_1e8vcs8._.js:776
[  184787ms] [LOG] [Fast Refresh] done in 913ms @ http://localhost:3001/_next/static/chunks/node_modules_next_dist_1e8vcs8._.js:776
[  184850ms] [LOG] [Fast Refresh] done in 913ms @ http://localhost:3001/_next/static/chunks/node_modules_next_dist_1e8vcs8._.js:776
[  184911ms] [LOG] [Fast Refresh] done in 913ms @ http://localhost:3001/_next/static/chunks/node_modules_next_dist_1e8vcs8._.js:776
[  184974ms] [LOG] [Fast Refresh] done in 913ms @ http://localhost:3001/_next/static/chunks/node_modules_next_dist_1e8vcs8._.js:776
[  185035ms] [LOG] [Fast Refresh] done in 913ms @ http://localhost:3001/_next/static/chunks/node_modules_next_dist_1e8vcs8._.js:776
[  185113ms] [LOG] [Fast Refresh] done in 913ms @ http://localhost:3001/_next/static/chunks/node_modules_next_dist_1e8vcs8._.js:776
[  185175ms] [LOG] [Fast Refresh] done in 913ms @ http://localhost:3001/_next/static/chunks/node_modules_next_dist_1e8vcs8._.js:776
[  185237ms] [LOG] [Fast Refresh] done in 913ms @ http://localhost:3001/_next/static/chunks/node_modules_next_dist_1e8vcs8._.js:776
[  185299ms] [LOG] [Fast Refresh] done in 913ms @ http://localhost:3001/_next/static/chunks/node_modules_next_dist_1e8vcs8._.js:776
[  185363ms] [LOG] [Fast Refresh] done in 913ms @ http://localhost:3001/_next/static/chunks/node_modules_next_dist_1e8vcs8._.js:776
[  185425ms] [LOG] [Fast Refresh] done in 913ms @ http://localhost:3001/_next/static/chunks/node_modules_next_dist_1e8vcs8._.js:776
[  185487ms] [LOG] [Fast Refresh] done in 913ms @ http://localhost:3001/_next/static/chunks/node_modules_next_dist_1e8vcs8._.js:776
[  185549ms] [LOG] [Fast Refresh] done in 913ms @ http://localhost:3001/_next/static/chunks/node_modules_next_dist_1e8vcs8._.js:776
[  185612ms] [LOG] [Fast Refresh] done in 913ms @ http://localhost:3001/_next/static/chunks/node_modules_next_dist_1e8vcs8._.js:776
[  185673ms] [LOG] [Fast Refresh] done in 913ms @ http://localhost:3001/_next/static/chunks/node_modules_next_dist_1e8vcs8._.js:776
[  185735ms] [LOG] [Fast Refresh] done in 913ms @ http://localhost:3001/_next/static/chunks/node_modules_next_dist_1e8vcs8._.js:776
[  185796ms] [LOG] [Fast Refresh] done in 913ms @ http://localhost:3001/_next/static/chunks/node_modules_next_dist_1e8vcs8._.js:776
[  185859ms] [LOG] [Fast Refresh] done in 913ms @ http://localhost:3001/_next/static/chunks/node_modules_next_dist_1e8vcs8._.js:776
[  185920ms] [LOG] [Fast Refresh] done in 913ms @ http://localhost:3001/_next/static/chunks/node_modules_next_dist_1e8vcs8._.js:776
[  185982ms] [LOG] [Fast Refresh] done in 913ms @ http://localhost:3001/_next/static/chunks/node_modules_next_dist_1e8vcs8._.js:776
[  186043ms] [LOG] [Fast Refresh] done in 913ms @ http://localhost:3001/_next/static/chunks/node_modules_next_dist_1e8vcs8._.js:776
[  186106ms] [LOG] [Fast Refresh] done in 913ms @ http://localhost:3001/_next/static/chunks/node_modules_next_dist_1e8vcs8._.js:776
[  186169ms] [LOG] [Fast Refresh] done in 913ms @ http://localhost:3001/_next/static/chunks/node_modules_next_dist_1e8vcs8._.js:776
[  186232ms] [LOG] [Fast Refresh] done in 913ms @ http://localhost:3001/_next/static/chunks/node_modules_next_dist_1e8vcs8._.js:776
[  186294ms] [LOG] [Fast Refresh] done in 913ms @ http://localhost:3001/_next/static/chunks/node_modules_next_dist_1e8vcs8._.js:776
[  186358ms] [LOG] [Fast Refresh] done in 913ms @ http://localhost:3001/_next/static/chunks/node_modules_next_dist_1e8vcs8._.js:776
[  186420ms] [LOG] [Fast Refresh] done in 913ms @ http://localhost:3001/_next/static/chunks/node_modules_next_dist_1e8vcs8._.js:776
[  186484ms] [LOG] [Fast Refresh] done in 913ms @ http://localhost:3001/_next/static/chunks/node_modules_next_dist_1e8vcs8._.js:776
[  186545ms] [LOG] [Fast Refresh] done in 913ms @ http://localhost:3001/_next/static/chunks/node_modules_next_dist_1e8vcs8._.js:776
[  186609ms] [LOG] [Fast Refresh] done in 913ms @ http://localhost:3001/_next/static/chunks/node_modules_next_dist_1e8vcs8._.js:776
[  186669ms] [LOG] [Fast Refresh] done in 913ms @ http://localhost:3001/_next/static/chunks/node_modules_next_dist_1e8vcs8._.js:776
[  186733ms] [LOG] [Fast Refresh] done in 913ms @ http://localhost:3001/_next/static/chunks/node_modules_next_dist_1e8vcs8._.js:776
[  186794ms] [LOG] [Fast Refresh] done in 913ms @ http://localhost:3001/_next/static/chunks/node_modules_next_dist_1e8vcs8._.js:776
[  186855ms] [LOG] [Fast Refresh] done in 913ms @ http://localhost:3001/_next/static/chunks/node_modules_next_dist_1e8vcs8._.js:776
[  186917ms] [LOG] [Fast Refresh] done in 913ms @ http://localhost:3001/_next/static/chunks/node_modules_next_dist_1e8vcs8._.js:776
[  186980ms] [LOG] [Fast Refresh] done in 913ms @ http://localhost:3001/_next/static/chunks/node_modules_next_dist_1e8vcs8._.js:776
[  187044ms] [LOG] [Fast Refresh] done in 913ms @ http://localhost:3001/_next/static/chunks/node_modules_next_dist_1e8vcs8._.js:776
[  187106ms] [LOG] [Fast Refresh] done in 913ms @ http://localhost:3001/_next/static/chunks/node_modules_next_dist_1e8vcs8._.js:776
[  187167ms] [LOG] [Fast Refresh] done in 913ms @ http://localhost:3001/_next/static/chunks/node_modules_next_dist_1e8vcs8._.js:776
[  187231ms] [LOG] [Fast Refresh] done in 913ms @ http://localhost:3001/_next/static/chunks/node_modules_next_dist_1e8vcs8._.js:776
[  187291ms] [LOG] [Fast Refresh] done in 913ms @ http://localhost:3001/_next/static/chunks/node_modules_next_dist_1e8vcs8._.js:776
[  187353ms] [LOG] [Fast Refresh] done in 913ms @ http://localhost:3001/_next/static/chunks/node_modules_next_dist_1e8vcs8._.js:776
[  187414ms] [LOG] [Fast Refresh] done in 913ms @ http://localhost:3001/_next/static/chunks/node_modules_next_dist_1e8vcs8._.js:776
[  187478ms] [LOG] [Fast Refresh] done in 913ms @ http://localhost:3001/_next/static/chunks/node_modules_next_dist_1e8vcs8._.js:776
[  187542ms] [LOG] [Fast Refresh] done in 913ms @ http://localhost:3001/_next/static/chunks/node_modules_next_dist_1e8vcs8._.js:776
[  187603ms] [LOG] [Fast Refresh] done in 913ms @ http://localhost:3001/_next/static/chunks/node_modules_next_dist_1e8vcs8._.js:776
[  187664ms] [LOG] [Fast Refresh] done in 913ms @ http://localhost:3001/_next/static/chunks/node_modules_next_dist_1e8vcs8._.js:776
[  187727ms] [LOG] [Fast Refresh] done in 913ms @ http://localhost:3001/_next/static/chunks/node_modules_next_dist_1e8vcs8._.js:776
[  187790ms] [LOG] [Fast Refresh] done in 913ms @ http://localhost:3001/_next/static/chunks/node_modules_next_dist_1e8vcs8._.js:776
[  187853ms] [LOG] [Fast Refresh] done in 913ms @ http://localhost:3001/_next/static/chunks/node_modules_next_dist_1e8vcs8._.js:776
[  187914ms] [LOG] [Fast Refresh] done in 913ms @ http://localhost:3001/_next/static/chunks/node_modules_next_dist_1e8vcs8._.js:776
[  187976ms] [LOG] [Fast Refresh] done in 913ms @ http://localhost:3001/_next/static/chunks/node_modules_next_dist_1e8vcs8._.js:776
[  188038ms] [LOG] [Fast Refresh] done in 913ms @ http://localhost:3001/_next/static/chunks/node_modules_next_dist_1e8vcs8._.js:776
[  188101ms] [LOG] [Fast Refresh] done in 913ms @ http://localhost:3001/_next/static/chunks/node_modules_next_dist_1e8vcs8._.js:776
[  188164ms] [LOG] [Fast Refresh] done in 913ms @ http://localhost:3001/_next/static/chunks/node_modules_next_dist_1e8vcs8._.js:776
[  188224ms] [LOG] [Fast Refresh] done in 913ms @ http://localhost:3001/_next/static/chunks/node_modules_next_dist_1e8vcs8._.js:776
[  188286ms] [LOG] [Fast Refresh] done in 913ms @ http://localhost:3001/_next/static/chunks/node_modules_next_dist_1e8vcs8._.js:776
[  188349ms] [LOG] [Fast Refresh] done in 913ms @ http://localhost:3001/_next/static/chunks/node_modules_next_dist_1e8vcs8._.js:776
[  188410ms] [LOG] [Fast Refresh] done in 913ms @ http://localhost:3001/_next/static/chunks/node_modules_next_dist_1e8vcs8._.js:776
[  188472ms] [LOG] [Fast Refresh] done in 913ms @ http://localhost:3001/_next/static/chunks/node_modules_next_dist_1e8vcs8._.js:776
[  188534ms] [LOG] [Fast Refresh] done in 913ms @ http://localhost:3001/_next/static/chunks/node_modules_next_dist_1e8vcs8._.js:776
[  188597ms] [LOG] [Fast Refresh] done in 913ms @ http://localhost:3001/_next/static/chunks/node_modules_next_dist_1e8vcs8._.js:776
[  188659ms] [LOG] [Fast Refresh] done in 913ms @ http://localhost:3001/_next/static/chunks/node_modules_next_dist_1e8vcs8._.js:776
[  188720ms] [LOG] [Fast Refresh] done in 913ms @ http://localhost:3001/_next/static/chunks/node_modules_next_dist_1e8vcs8._.js:776
[  188782ms] [LOG] [Fast Refresh] done in 913ms @ http://localhost:3001/_next/static/chunks/node_modules_next_dist_1e8vcs8._.js:776
[  188845ms] [LOG] [Fast Refresh] done in 913ms @ http://localhost:3001/_next/static/chunks/node_modules_next_dist_1e8vcs8._.js:776
[  188906ms] [LOG] [Fast Refresh] done in 913ms @ http://localhost:3001/_next/static/chunks/node_modules_next_dist_1e8vcs8._.js:776
[  188969ms] [LOG] [Fast Refresh] done in 913ms @ http://localhost:3001/_next/static/chunks/node_modules_next_dist_1e8vcs8._.js:776
[  189031ms] [LOG] [Fast Refresh] done in 913ms @ http://localhost:3001/_next/static/chunks/node_modules_next_dist_1e8vcs8._.js:776
[  189093ms] [LOG] [Fast Refresh] done in 913ms @ http://localhost:3001/_next/static/chunks/node_modules_next_dist_1e8vcs8._.js:776
[  189155ms] [LOG] [Fast Refresh] done in 913ms @ http://localhost:3001/_next/static/chunks/node_modules_next_dist_1e8vcs8._.js:776
[  189219ms] [LOG] [Fast Refresh] done in 913ms @ http://localhost:3001/_next/static/chunks/node_modules_next_dist_1e8vcs8._.js:776
[  189280ms] [LOG] [Fast Refresh] done in 913ms @ http://localhost:3001/_next/static/chunks/node_modules_next_dist_1e8vcs8._.js:776
[  189343ms] [LOG] [Fast Refresh] done in 913ms @ http://localhost:3001/_next/static/chunks/node_modules_next_dist_1e8vcs8._.js:776
[  189406ms] [LOG] [Fast Refresh] done in 913ms @ http://localhost:3001/_next/static/chunks/node_modules_next_dist_1e8vcs8._.js:776
[  189468ms] [LOG] [Fast Refresh] done in 913ms @ http://localhost:3001/_next/static/chunks/node_modules_next_dist_1e8vcs8._.js:776
[  189529ms] [LOG] [Fast Refresh] done in 913ms @ http://localhost:3001/_next/static/chunks/node_modules_next_dist_1e8vcs8._.js:776
[  189592ms] [LOG] [Fast Refresh] done in 913ms @ http://localhost:3001/_next/static/chunks/node_modules_next_dist_1e8vcs8._.js:776
[  189654ms] [LOG] [Fast Refresh] done in 913ms @ http://localhost:3001/_next/static/chunks/node_modules_next_dist_1e8vcs8._.js:776
[  189716ms] [LOG] [Fast Refresh] done in 913ms @ http://localhost:3001/_next/static/chunks/node_modules_next_dist_1e8vcs8._.js:776
[  189778ms] [LOG] [Fast Refresh] done in 913ms @ http://localhost:3001/_next/static/chunks/node_modules_next_dist_1e8vcs8._.js:776
[  189840ms] [LOG] [Fast Refresh] done in 913ms @ http://localhost:3001/_next/static/chunks/node_modules_next_dist_1e8vcs8._.js:776
[  189905ms] [LOG] [Fast Refresh] done in 913ms @ http://localhost:3001/_next/static/chunks/node_modules_next_dist_1e8vcs8._.js:776
[  189965ms] [LOG] [Fast Refresh] done in 913ms @ http://localhost:3001/_next/static/chunks/node_modules_next_dist_1e8vcs8._.js:776
[  190027ms] [LOG] [Fast Refresh] done in 913ms @ http://localhost:3001/_next/static/chunks/node_modules_next_dist_1e8vcs8._.js:776
[  190090ms] [LOG] [Fast Refresh] done in 913ms @ http://localhost:3001/_next/static/chunks/node_modules_next_dist_1e8vcs8._.js:776
[  190151ms] [LOG] [Fast Refresh] done in 913ms @ http://localhost:3001/_next/static/chunks/node_modules_next_dist_1e8vcs8._.js:776
[  190213ms] [LOG] [Fast Refresh] done in 913ms @ http://localhost:3001/_next/static/chunks/node_modules_next_dist_1e8vcs8._.js:776
[  190275ms] [LOG] [Fast Refresh] done in 913ms @ http://localhost:3001/_next/static/chunks/node_modules_next_dist_1e8vcs8._.js:776
[  190339ms] [LOG] [Fast Refresh] done in 913ms @ http://localhost:3001/_next/static/chunks/node_modules_next_dist_1e8vcs8._.js:776
[  190400ms] [LOG] [Fast Refresh] done in 913ms @ http://localhost:3001/_next/static/chunks/node_modules_next_dist_1e8vcs8._.js:776
[  190494ms] [LOG] [Fast Refresh] done in 913ms @ http://localhost:3001/_next/static/chunks/node_modules_next_dist_1e8vcs8._.js:776
[  190556ms] [LOG] [Fast Refresh] done in 913ms @ http://localhost:3001/_next/static/chunks/node_modules_next_dist_1e8vcs8._.js:776
[  190619ms] [LOG] [Fast Refresh] done in 913ms @ http://localhost:3001/_next/static/chunks/node_modules_next_dist_1e8vcs8._.js:776
[  190682ms] [LOG] [Fast Refresh] done in 913ms @ http://localhost:3001/_next/static/chunks/node_modules_next_dist_1e8vcs8._.js:776
[  190744ms] [LOG] [Fast Refresh] done in 913ms @ http://localhost:3001/_next/static/chunks/node_modules_next_dist_1e8vcs8._.js:776
[  190806ms] [LOG] [Fast Refresh] done in 913ms @ http://localhost:3001/_next/static/chunks/node_modules_next_dist_1e8vcs8._.js:776
[  190870ms] [LOG] [Fast Refresh] done in 913ms @ http://localhost:3001/_next/static/chunks/node_modules_next_dist_1e8vcs8._.js:776
[  190930ms] [LOG] [Fast Refresh] done in 913ms @ http://localhost:3001/_next/static/chunks/node_modules_next_dist_1e8vcs8._.js:776
[  190993ms] [LOG] [Fast Refresh] done in 913ms @ http://localhost:3001/_next/static/chunks/node_modules_next_dist_1e8vcs8._.js:776
[  191055ms] [LOG] [Fast Refresh] done in 913ms @ http://localhost:3001/_next/static/chunks/node_modules_next_dist_1e8vcs8._.js:776
[  191118ms] [LOG] [Fast Refresh] done in 913ms @ http://localhost:3001/_next/static/chunks/node_modules_next_dist_1e8vcs8._.js:776
[  191181ms] [LOG] [Fast Refresh] done in 913ms @ http://localhost:3001/_next/static/chunks/node_modules_next_dist_1e8vcs8._.js:776
[  191246ms] [LOG] [Fast Refresh] done in 913ms @ http://localhost:3001/_next/static/chunks/node_modules_next_dist_1e8vcs8._.js:776
[  191316ms] [LOG] [Fast Refresh] done in 913ms @ http://localhost:3001/_next/static/chunks/node_modules_next_dist_1e8vcs8._.js:776
[  191568ms] [LOG] [Fast Refresh] rebuilding @ http://localhost:3001/_next/static/chunks/node_modules_next_dist_1e8vcs8._.js:776
[  192652ms] Error: No link element found for chunk /_next/static/chunks/%5Broot-of-the-server%5D__0lthcoq._.css
    at http://localhost:3001/_next/static/chunks/turbopack-_08bm286._.js:2417:28
    at new Promise (<anonymous>)
    at Object.reloadChunk (http://localhost:3001/_next/static/chunks/turbopack-_08bm286._.js:2406:20)
    at applyChunkListUpdate (http://localhost:3001/_next/static/chunks/turbopack-_08bm286._.js:1940:46)
    at applyUpdate (http://localhost:3001/_next/static/chunks/turbopack-_08bm286._.js:1914:13)
    at handleApply (http://localhost:3001/_next/static/chunks/turbopack-_08bm286._.js:1977:17)
    at triggerUpdate (http://localhost:3001/_next/static/chunks/%5Bturbopack%5D_browser_dev_hmr-client_hmr-client_ts_1mojsay._.js:456:9)
    at applyAggregatedUpdates (http://localhost:3001/_next/static/chunks/%5Bturbopack%5D_browser_dev_hmr-client_hmr-client_ts_1mojsay._.js:98:9)
    at http://localhost:3001/_next/static/chunks/%5Bturbopack%5D_browser_dev_hmr-client_hmr-client_ts_1mojsay._.js:32:21
    at processTurbopackMessage (http://localhost:3001/_next/static/chunks/node_modules_next_dist_client_0_90u2t._.js:16436:13)
    at processMessage (http://localhost:3001/_next/static/chunks/node_modules_next_dist_client_0_90u2t._.js:16051:17)
    at WebSocket.handleMessage (http://localhost:3001/_next/static/chunks/node_modules_next_dist_client_0_90u2t._.js:16384:52)
[  192675ms] Error: No link element found for chunk /_next/static/chunks/%5Broot-of-the-server%5D__0lthcoq._.css
    at http://localhost:3001/_next/static/chunks/turbopack-_08bm286._.js:2417:28
    at new Promise (<anonymous>)
    at Object.reloadChunk (http://localhost:3001/_next/static/chunks/turbopack-_08bm286._.js:2406:20)
    at applyChunkListUpdate (http://localhost:3001/_next/static/chunks/turbopack-_08bm286._.js:1940:46)
    at applyUpdate (http://localhost:3001/_next/static/chunks/turbopack-_08bm286._.js:1914:13)
    at handleApply (http://localhost:3001/_next/static/chunks/turbopack-_08bm286._.js:1977:17)
    at triggerUpdate (http://localhost:3001/_next/static/chunks/%5Bturbopack%5D_browser_dev_hmr-client_hmr-client_ts_1mojsay._.js:456:9)
    at applyAggregatedUpdates (http://localhost:3001/_next/static/chunks/%5Bturbopack%5D_browser_dev_hmr-client_hmr-client_ts_1mojsay._.js:98:9)
    at http://localhost:3001/_next/static/chunks/%5Bturbopack%5D_browser_dev_hmr-client_hmr-client_ts_1mojsay._.js:32:21
    at processTurbopackMessage (http://localhost:3001/_next/static/chunks/node_modules_next_dist_client_0_90u2t._.js:16436:13)
    at processMessage (http://localhost:3001/_next/static/chunks/node_modules_next_dist_client_0_90u2t._.js:16051:17)
    at WebSocket.handleMessage (http://localhost:3001/_next/static/chunks/node_modules_next_dist_client_0_90u2t._.js:16384:52)
[  192789ms] [LOG] [Fast Refresh] done in 1269ms @ http://localhost:3001/_next/static/chunks/node_modules_next_dist_1e8vcs8._.js:776
[  196368ms] [WARNING] The resource http://localhost:3001/_next/static/chunks/%5Broot-of-the-server%5D__0lthcoq._.css was preloaded using link preload but not used within a few seconds from the window's load event. Please make sure it has an appropriate `as` value and it is preloaded intentionally. @ http://localhost:3001/pt/datastories/portugal-2030/projetos-do-portugal-2030:0
[  205636ms] [LOG] [Fast Refresh] rebuilding @ http://localhost:3001/_next/static/chunks/node_modules_next_dist_1e8vcs8._.js:776
[  206168ms] [LOG] [Fast Refresh] done in 638ms @ http://localhost:3001/_next/static/chunks/node_modules_next_dist_1e8vcs8._.js:776
[  208758ms] [WARNING] The resource http://localhost:3001/_next/static/chunks/%5Broot-of-the-server%5D__0lthcoq._.css was preloaded using link preload but not used within a few seconds from the window's load event. Please make sure it has an appropriate `as` value and it is preloaded intentionally. @ http://localhost:3001/pt/datastories/portugal-2030/projetos-do-portugal-2030:0
